Entry Time,Entry Price,Exit Time,Exit Price,Direction,Volume,Profit/Loss,Profit %,Duration (min)
2026-05-06 18:09:00,4685.22700,2026-05-06 18:10:00,4685.57900,BUY,0.02,0.70,0.0075,1.0
2026-05-06 18:15:00,4687.42100,2026-05-06 18:16:00,4688.30000,BUY,0.02,1.76,0.0188,1.0
2026-05-06 18:21:00,4690.05200,2026-05-06 18:22:00,4688.55200,BUY,0.02,-3.00,-0.0320,1.0
2026-05-06 18:29:00,4687.86300,2026-05-06 18:30:00,4687.29200,SELL,0.02,1.14,0.0122,1.0
2026-05-06 18:39:00,4688.08500,2026-05-06 18:40:00,4686.78800,SELL,0.02,2.59,0.0277,1.0
2026-05-06 18:45:00,4687.41000,2026-05-06 18:46:00,4686.68800,SELL,0.02,1.44,0.0154,1.0
2026-05-06 18:51:00,4685.69300,2026-05-06 18:52:00,4685.45200,SELL,0.02,0.48,0.0051,1.0
2026-05-06 18:57:00,4686.28100,2026-05-06 18:58:00,4686.31600,SELL,0.02,-0.07,-0.0007,1.0
2026-05-06 19:29:00,4698.36800,2026-05-06 19:30:00,4695.62000,SELL,0.02,5.50,0.0585,1.0
2026-05-06 19:36:00,4697.41300,2026-05-06 19:37:00,4697.16900,SELL,0.02,0.49,0.0052,1.0
2026-05-06 19:42:00,4695.90300,2026-05-06 19:43:00,4694.81300,SELL,0.02,2.18,0.0232,1.0
2026-05-06 19:48:00,4695.63800,2026-05-06 19:49:00,4694.91100,SELL,0.02,1.45,0.0155,1.0
2026-05-06 19:56:00,4696.25300,2026-05-06 19:58:00,4695.54900,SELL,0.02,1.41,0.0150,2.0
2026-05-06 20:03:00,4694.59800,2026-05-06 20:07:00,4696.09800,SELL,0.02,-3.00,-0.0320,4.0
2026-05-06 20:12:00,4698.62500,2026-05-06 20:13:00,4698.54200,BUY,0.02,-0.17,-0.0018,1.0
2026-05-06 20:18:00,4698.39700,2026-05-06 20:19:00,4697.86400,BUY,0.02,-1.07,-0.0113,1.0
2026-05-06 20:56:00,4691.61100,2026-05-06 22:01:00,4693.59400,BUY,0.02,3.97,0.0423,65.0
2026-05-06 22:07:00,4692.11200,2026-05-06 22:08:00,4693.96900,BUY,0.02,3.71,0.0396,1.0
2026-05-06 22:13:00,4697.01700,2026-05-06 22:14:00,4697.10200,BUY,0.02,0.17,0.0018,1.0
2026-05-06 22:19:00,4699.43600,2026-05-06 22:20:00,4698.94100,BUY,0.02,-0.99,-0.0105,1.0
2026-05-06 22:43:00,4699.15200,2026-05-06 22:44:00,4698.63300,BUY,0.02,-1.04,-0.0110,1.0
2026-05-06 23:06:00,4697.88200,2026-05-06 23:09:00,4697.41600,BUY,0.02,-0.93,-0.0099,3.0
2026-05-06 23:41:00,4693.53800,2026-05-06 23:42:00,4693.60000,BUY,0.02,0.12,0.0013,1.0
2026-05-06 23:47:00,4699.23400,2026-05-06 23:48:00,4697.73400,BUY,0.02,-3.00,-0.0319,1.0
2026-05-06 23:53:00,4696.32100,2026-05-06 23:57:00,4697.45900,BUY,0.02,2.28,0.0242,4.0
2026-05-07 00:21:00,4698.42100,2026-05-07 00:22:00,4700.12100,BUY,0.02,3.40,0.0362,1.0
2026-05-07 01:03:00,4692.07700,2026-05-07 01:05:00,4695.02200,BUY,0.02,5.89,0.0628,2.0
2026-05-07 01:10:00,4704.35100,2026-05-07 01:11:00,4706.97500,BUY,0.03,7.87,0.0558,1.0
2026-05-07 01:16:00,4715.59300,2026-05-07 01:17:00,4714.09300,BUY,0.03,-4.50,-0.0318,1.0
2026-05-07 01:22:00,4712.09500,2026-05-07 01:23:00,4710.59500,BUY,0.03,-4.50,-0.0318,1.0
2026-05-07 01:28:00,4704.35700,2026-05-07 01:29:00,4704.27300,SELL,0.02,0.17,0.0018,1.0
2026-05-07 01:34:00,4705.33000,2026-05-07 01:35:00,4706.83000,SELL,0.02,-3.00,-0.0319,1.0
2026-05-07 01:40:00,4715.38400,2026-05-07 01:41:00,4714.55100,BUY,0.02,-1.67,-0.0177,1.0
2026-05-07 01:46:00,4714.46000,2026-05-07 01:47:00,4717.46000,BUY,0.02,6.00,0.0636,1.0
2026-05-07 01:52:00,4719.39600,2026-05-07 01:53:00,4718.74600,BUY,0.03,-1.95,-0.0138,1.0
2026-05-07 02:00:00,4718.14400,2026-05-07 02:01:00,4716.64400,BUY,0.02,-3.00,-0.0318,1.0
2026-05-07 02:06:00,4715.76400,2026-05-07 02:07:00,4713.29000,SELL,0.02,4.95,0.0525,1.0
2026-05-07 02:12:00,4706.34100,2026-05-07 02:13:00,4705.69500,SELL,0.03,1.94,0.0137,1.0
2026-05-07 02:18:00,4706.10700,2026-05-07 02:19:00,4706.28200,SELL,0.03,-0.53,-0.0037,1.0
2026-05-07 02:24:00,4703.53600,2026-05-07 02:25:00,4705.03600,SELL,0.03,-4.50,-0.0319,1.0
2026-05-07 02:30:00,4701.56900,2026-05-07 02:31:00,4703.06900,SELL,0.02,-3.00,-0.0319,1.0
2026-05-07 02:36:00,4702.34100,2026-05-07 02:40:00,4702.13200,SELL,0.02,0.42,0.0044,4.0
2026-05-07 03:00:00,4705.77900,2026-05-07 03:02:00,4705.94900,SELL,0.02,-0.34,-0.0036,2.0
2026-05-07 03:08:00,4707.89600,2026-05-07 03:12:00,4704.89600,SELL,0.02,6.00,0.0637,4.0
2026-05-07 03:17:00,4706.09800,2026-05-07 03:18:00,4706.33200,SELL,0.03,-0.70,-0.0050,1.0
2026-05-07 03:23:00,4705.11800,2026-05-07 03:24:00,4706.61800,SELL,0.03,-4.50,-0.0319,1.0
2026-05-07 03:29:00,4704.53200,2026-05-07 03:30:00,4704.50800,SELL,0.02,0.05,0.0005,1.0
2026-05-07 03:35:00,4703.50700,2026-05-07 03:36:00,4703.43200,SELL,0.02,0.15,0.0016,1.0
2026-05-07 03:42:00,4703.04300,2026-05-07 03:43:00,4703.84000,SELL,0.02,-1.59,-0.0169,1.0
2026-05-07 03:48:00,4703.23900,2026-05-07 03:50:00,4704.73900,SELL,0.02,-3.00,-0.0319,2.0
2026-05-07 03:56:00,4701.74400,2026-05-07 03:57:00,4700.67700,SELL,0.02,2.13,0.0227,1.0
2026-05-07 04:02:00,4698.96100,2026-05-07 04:03:00,4698.53000,SELL,0.02,0.86,0.0092,1.0
2026-05-07 04:11:00,4697.65800,2026-05-07 04:12:00,4697.50100,SELL,0.02,0.31,0.0033,1.0
2026-05-07 04:17:00,4697.09700,2026-05-07 04:18:00,4696.21700,SELL,0.02,1.76,0.0187,1.0
2026-05-07 04:26:00,4696.34100,2026-05-07 04:31:00,4696.64400,SELL,0.02,-0.61,-0.0065,5.0
2026-05-07 04:36:00,4694.93200,2026-05-07 04:37:00,4695.36700,SELL,0.02,-0.87,-0.0093,1.0
2026-05-07 04:50:00,4695.80300,2026-05-07 04:51:00,4695.51000,SELL,0.02,0.59,0.0062,1.0
2026-05-07 04:56:00,4694.78800,2026-05-07 04:57:00,4696.28800,SELL,0.02,-3.00,-0.0320,1.0
2026-05-07 05:02:00,4700.28100,2026-05-07 05:03:00,4700.04500,BUY,0.02,-0.47,-0.0050,1.0
2026-05-07 05:08:00,4699.01300,2026-05-07 05:09:00,4699.34600,BUY,0.02,0.67,0.0071,1.0
2026-05-07 05:14:00,4700.28400,2026-05-07 05:15:00,4699.68100,BUY,0.02,-1.21,-0.0128,1.0
2026-05-07 05:32:00,4704.90800,2026-05-07 05:33:00,4703.40800,BUY,0.02,-3.00,-0.0319,1.0
2026-05-07 05:38:00,4704.75700,2026-05-07 05:39:00,4704.92700,BUY,0.02,0.34,0.0036,1.0
2026-05-07 05:52:00,4705.98700,2026-05-07 05:54:00,4704.48700,BUY,0.02,-3.00,-0.0319,2.0
2026-05-07 05:59:00,4701.18000,2026-05-07 06:00:00,4702.68000,SELL,0.02,-3.00,-0.0319,1.0
2026-05-07 06:08:00,4707.47100,2026-05-07 06:09:00,4707.63500,BUY,0.02,0.33,0.0035,1.0
2026-05-07 06:14:00,4707.83700,2026-05-07 06:15:00,4707.87000,BUY,0.02,0.07,0.0007,1.0
2026-05-07 06:20:00,4713.49700,2026-05-07 06:21:00,4713.03000,BUY,0.02,-0.93,-0.0099,1.0
2026-05-07 06:26:00,4712.57200,2026-05-07 06:27:00,4714.38000,BUY,0.02,3.62,0.0384,1.0
2026-05-07 06:32:00,4729.25300,2026-05-07 06:33:00,4731.60500,BUY,0.02,4.70,0.0497,1.0
2026-05-07 07:07:00,4744.34700,2026-05-07 07:08:00,4742.84700,BUY,0.02,-3.00,-0.0316,1.0
2026-05-07 07:18:00,4744.34000,2026-05-07 07:19:00,4743.58700,SELL,0.02,1.51,0.0159,1.0
2026-05-07 07:24:00,4739.70900,2026-05-07 07:25:00,4741.20900,SELL,0.02,-3.00,-0.0316,1.0
2026-05-07 07:30:00,4740.87600,2026-05-07 07:31:00,4739.81300,SELL,0.02,2.13,0.0224,1.0
2026-05-07 07:39:00,4740.16300,2026-05-07 07:40:00,4741.66300,SELL,0.02,-3.00,-0.0316,1.0
2026-05-07 07:45:00,4741.22500,2026-05-07 07:48:00,4739.72500,BUY,0.02,-3.00,-0.0316,3.0
2026-05-07 07:53:00,4740.30300,2026-05-07 07:54:00,4740.79500,SELL,0.02,-0.98,-0.0104,1.0
2026-05-07 08:10:00,4746.23400,2026-05-07 08:11:00,4745.11100,SELL,0.02,2.25,0.0237,1.0
2026-05-07 08:16:00,4740.16200,2026-05-07 08:17:00,4739.06900,SELL,0.02,2.19,0.0231,1.0
2026-05-07 08:22:00,4738.21500,2026-05-07 08:23:00,4738.03100,SELL,0.02,0.37,0.0039,1.0
2026-05-07 08:34:00,4737.27000,2026-05-07 08:35:00,4738.53600,SELL,0.02,-2.53,-0.0267,1.0
2026-05-07 08:40:00,4737.63200,2026-05-07 08:41:00,4735.50700,SELL,0.02,4.25,0.0449,1.0
2026-05-07 08:46:00,4735.37000,2026-05-07 08:47:00,4734.90900,SELL,0.02,0.92,0.0097,1.0
2026-05-07 08:54:00,4734.28300,2026-05-07 08:55:00,4734.00400,SELL,0.02,0.56,0.0059,1.0
2026-05-07 09:00:00,4728.61600,2026-05-07 09:01:00,4726.59600,SELL,0.02,4.04,0.0427,1.0
2026-05-07 09:06:00,4727.07500,2026-05-07 09:07:00,4728.57500,SELL,0.02,-3.00,-0.0317,1.0
2026-05-07 09:15:00,4733.83100,2026-05-07 09:16:00,4732.33100,BUY,0.02,-3.00,-0.0317,1.0
2026-05-07 09:21:00,4735.00200,2026-05-07 09:22:00,4735.97200,BUY,0.02,1.94,0.0205,1.0
2026-05-07 09:29:00,4735.63500,2026-05-07 09:30:00,4734.13500,BUY,0.02,-3.00,-0.0317,1.0
2026-05-07 09:38:00,4735.26900,2026-05-07 09:40:00,4736.76900,SELL,0.02,-3.00,-0.0317,2.0
2026-05-07 09:45:00,4737.50200,2026-05-07 09:46:00,4738.42000,BUY,0.02,1.84,0.0194,1.0
2026-05-07 10:11:00,4733.92300,2026-05-07 10:12:00,4734.44800,BUY,0.02,1.05,0.0111,1.0
2026-05-07 10:17:00,4733.49600,2026-05-07 10:18:00,4733.99100,BUY,0.02,0.99,0.0105,1.0
2026-05-07 10:38:00,4737.35000,2026-05-07 10:39:00,4736.47100,BUY,0.02,-1.76,-0.0186,1.0
2026-05-07 10:44:00,4738.75600,2026-05-07 10:45:00,4739.56000,BUY,0.02,1.61,0.0170,1.0
2026-05-07 11:26:00,4735.84000,2026-05-07 11:27:00,4734.34000,BUY,0.02,-3.00,-0.0317,1.0
2026-05-07 11:32:00,4733.81000,2026-05-07 11:33:00,4734.28400,BUY,0.02,0.95,0.0100,1.0
2026-05-07 11:41:00,4735.52200,2026-05-07 11:42:00,4734.90100,BUY,0.02,-1.24,-0.0131,1.0
2026-05-07 11:47:00,4738.42900,2026-05-07 11:48:00,4737.93500,BUY,0.02,-0.99,-0.0104,1.0
2026-05-07 11:53:00,4738.54900,2026-05-07 11:54:00,4739.54600,BUY,0.02,1.99,0.0210,1.0
2026-05-07 11:59:00,4742.59500,2026-05-07 12:00:00,4745.59500,BUY,0.02,6.00,0.0633,1.0
2026-05-07 12:06:00,4743.39300,2026-05-07 12:07:00,4741.89300,BUY,0.02,-3.00,-0.0316,1.0
2026-05-07 12:15:00,4744.80900,2026-05-07 12:16:00,4746.40100,BUY,0.02,3.18,0.0336,1.0
2026-05-07 12:36:00,4744.92800,2026-05-07 12:37:00,4746.63200,BUY,0.02,3.41,0.0359,1.0
2026-05-07 12:42:00,4749.16700,2026-05-07 12:43:00,4749.78200,BUY,0.02,1.23,0.0129,1.0
2026-05-07 12:48:00,4751.82300,2026-05-07 12:49:00,4752.08800,BUY,0.02,0.53,0.0056,1.0
2026-05-07 13:27:00,4743.93700,2026-05-07 13:28:00,4743.61600,BUY,0.02,-0.64,-0.0068,1.0
2026-05-07 13:33:00,4756.49500,2026-05-07 13:34:00,4754.99500,BUY,0.02,-3.00,-0.0315,1.0
2026-05-07 13:40:00,4749.30300,2026-05-07 13:41:00,4750.80300,SELL,0.02,-3.00,-0.0316,1.0
2026-05-07 13:46:00,4747.58000,2026-05-07 13:47:00,4744.58000,SELL,0.02,6.00,0.0632,1.0
2026-05-07 13:52:00,4740.75900,2026-05-07 13:53:00,4742.25900,SELL,0.02,-3.00,-0.0316,1.0
2026-05-07 14:02:00,4743.72700,2026-05-07 14:03:00,4745.22700,SELL,0.02,-3.00,-0.0316,1.0
2026-05-07 14:08:00,4746.13600,2026-05-07 14:09:00,4747.72900,BUY,0.02,3.19,0.0336,1.0
2026-05-07 14:20:00,4754.56500,2026-05-07 14:23:00,4753.06500,BUY,0.02,-3.00,-0.0315,3.0
2026-05-07 14:29:00,4756.71700,2026-05-07 14:30:00,4757.61200,BUY,0.02,1.79,0.0188,1.0
2026-05-07 14:48:00,4756.57500,2026-05-07 14:49:00,4758.32200,BUY,0.02,3.49,0.0367,1.0
2026-05-07 14:54:00,4760.47400,2026-05-07 14:55:00,4760.38500,BUY,0.02,-0.18,-0.0019,1.0
2026-05-07 15:00:00,4761.98900,2026-05-07 15:01:00,4760.48900,BUY,0.02,-3.00,-0.0315,1.0
2026-05-07 15:06:00,4757.12000,2026-05-07 15:07:00,4757.79600,SELL,0.02,-1.35,-0.0142,1.0
2026-05-07 15:12:00,4757.18800,2026-05-07 15:13:00,4756.27500,SELL,0.02,1.83,0.0192,1.0
2026-05-07 15:18:00,4754.66800,2026-05-07 15:19:00,4754.07500,SELL,0.02,1.19,0.0125,1.0
2026-05-07 15:24:00,4747.29400,2026-05-07 15:25:00,4745.91100,SELL,0.02,2.77,0.0291,1.0
2026-05-07 15:30:00,4741.47900,2026-05-07 15:31:00,4742.97900,SELL,0.02,-3.00,-0.0316,1.0
2026-05-07 15:40:00,4741.04200,2026-05-07 15:41:00,4742.54200,SELL,0.02,-3.00,-0.0316,1.0
2026-05-07 15:46:00,4737.15700,2026-05-07 15:47:00,4735.07200,SELL,0.02,4.17,0.0440,1.0
2026-05-07 15:52:00,4731.21500,2026-05-07 15:53:00,4731.49300,SELL,0.02,-0.56,-0.0059,1.0
2026-05-07 15:58:00,4727.85600,2026-05-07 15:59:00,4729.35600,SELL,0.02,-3.00,-0.0317,1.0
2026-05-07 16:04:00,4724.27500,2026-05-07 16:05:00,4723.96600,SELL,0.02,0.62,0.0065,1.0
2026-05-07 16:10:00,4713.95400,2026-05-07 16:11:00,4715.45400,SELL,0.02,-3.00,-0.0318,1.0
2026-05-07 16:16:00,4712.79800,2026-05-07 16:17:00,4711.91600,SELL,0.02,1.76,0.0187,1.0
2026-05-07 16:31:00,4715.93600,2026-05-07 16:32:00,4717.43600,SELL,0.02,-3.00,-0.0318,1.0
2026-05-07 16:37:00,4715.20500,2026-05-07 16:38:00,4712.20500,SELL,0.02,6.00,0.0636,1.0
2026-05-07 16:43:00,4711.12800,2026-05-07 16:44:00,4711.32400,SELL,0.02,-0.39,-0.0042,1.0
2026-05-07 16:51:00,4712.47700,2026-05-07 16:53:00,4713.97700,SELL,0.02,-3.00,-0.0318,2.0
2026-05-07 16:59:00,4714.84900,2026-05-07 17:02:00,4714.55700,SELL,0.02,0.58,0.0062,3.0
2026-05-07 17:12:00,4712.94200,2026-05-07 17:13:00,4712.83200,SELL,0.02,0.22,0.0023,1.0
2026-05-07 17:18:00,4708.83600,2026-05-07 17:19:00,4705.83600,SELL,0.02,6.00,0.0637,1.0
2026-05-07 17:25:00,4706.64700,2026-05-07 17:26:00,4703.64700,SELL,0.02,6.00,0.0637,1.0
2026-05-07 17:31:00,4698.73500,2026-05-07 17:32:00,4700.23500,SELL,0.03,-4.50,-0.0319,1.0
2026-05-07 17:41:00,4703.72900,2026-05-07 17:43:00,4702.22900,BUY,0.02,-3.00,-0.0319,2.0
2026-05-07 17:48:00,4701.44900,2026-05-07 17:49:00,4699.53200,SELL,0.02,3.83,0.0408,1.0
2026-05-07 18:10:00,4707.66900,2026-05-07 18:11:00,4707.95700,SELL,0.02,-0.58,-0.0061,1.0
2026-05-07 18:16:00,4707.80900,2026-05-07 18:17:00,4708.42600,SELL,0.02,-1.23,-0.0131,1.0
2026-05-07 18:22:00,4708.31200,2026-05-07 18:23:00,4707.30300,SELL,0.02,2.02,0.0214,1.0
2026-05-07 18:37:00,4711.43500,2026-05-07 18:38:00,4708.43500,SELL,0.02,6.00,0.0637,1.0
2026-05-07 18:43:00,4711.08700,2026-05-07 18:44:00,4708.08700,SELL,0.03,9.00,0.0637,1.0
2026-05-07 18:49:00,4700.61500,2026-05-07 18:50:00,4697.61500,SELL,0.03,9.00,0.0638,1.0
2026-05-07 19:07:00,4710.41400,2026-05-07 19:08:00,4709.53700,BUY,0.03,-2.63,-0.0186,1.0
2026-05-07 19:15:00,4709.67900,2026-05-07 19:16:00,4710.21900,BUY,0.03,1.62,0.0115,1.0
2026-05-07 19:33:00,4706.14200,2026-05-07 19:34:00,4707.74200,BUY,0.03,4.80,0.0340,1.0
2026-05-07 19:39:00,4710.76500,2026-05-07 19:40:00,4711.15400,BUY,0.03,1.17,0.0083,1.0
2026-05-07 20:02:00,4717.40100,2026-05-07 20:03:00,4715.90100,BUY,0.03,-4.50,-0.0318,1.0
2026-05-07 20:11:00,4712.12800,2026-05-07 20:12:00,4711.58100,SELL,0.03,1.64,0.0116,1.0
2026-05-07 20:17:00,4711.03200,2026-05-07 20:18:00,4710.78200,SELL,0.03,0.75,0.0053,1.0
2026-05-07 20:30:00,4710.83900,2026-05-07 20:31:00,4712.33900,SELL,0.03,-4.50,-0.0318,1.0
2026-05-07 20:37:00,4701.96100,2026-05-07 20:38:00,4703.46100,SELL,0.03,-4.50,-0.0319,1.0
2026-05-07 20:43:00,4702.82000,2026-05-07 20:45:00,4702.26900,SELL,0.03,1.65,0.0117,2.0
2026-05-07 20:50:00,4700.76800,2026-05-07 20:51:00,4700.99700,SELL,0.03,-0.69,-0.0049,1.0
2026-05-07 20:56:00,4688.66300,2026-05-07 20:57:00,4688.44500,SELL,0.03,0.65,0.0046,1.0
2026-05-07 22:01:00,4689.81400,2026-05-07 22:02:00,4691.31400,SELL,0.03,-4.50,-0.0320,1.0
2026-05-07 22:07:00,4688.88600,2026-05-07 22:08:00,4690.38600,SELL,0.03,-4.50,-0.0320,1.0
2026-05-07 22:13:00,4691.52200,2026-05-07 22:14:00,4688.52200,SELL,0.03,9.00,0.0639,1.0
2026-05-07 22:20:00,4692.95600,2026-05-07 22:21:00,4694.45600,SELL,0.03,-4.50,-0.0320,1.0
2026-05-07 22:27:00,4696.61700,2026-05-07 22:28:00,4695.11700,BUY,0.03,-4.50,-0.0319,1.0
2026-05-07 22:33:00,4690.83300,2026-05-07 22:34:00,4687.83300,SELL,0.03,9.00,0.0640,1.0
2026-05-07 22:39:00,4689.86900,2026-05-07 22:40:00,4688.45600,SELL,0.03,4.24,0.0301,1.0
2026-05-07 22:45:00,4684.41200,2026-05-07 22:46:00,4684.19700,SELL,0.03,0.65,0.0046,1.0
2026-05-07 22:52:00,4685.97500,2026-05-07 22:57:00,4687.47500,SELL,0.03,-4.50,-0.0320,5.0
2026-05-07 23:02:00,4688.73600,2026-05-07 23:03:00,4689.21700,BUY,0.03,1.44,0.0103,1.0
2026-05-07 23:09:00,4691.13700,2026-05-07 23:10:00,4690.70100,BUY,0.03,-1.31,-0.0093,1.0
2026-05-07 23:15:00,4692.74500,2026-05-07 23:16:00,4693.23000,BUY,0.03,1.45,0.0103,1.0
2026-05-07 23:21:00,4697.77800,2026-05-07 23:22:00,4696.83000,BUY,0.03,-2.84,-0.0202,1.0
2026-05-07 23:27:00,4697.45900,2026-05-07 23:28:00,4697.59600,BUY,0.03,0.41,0.0029,1.0
2026-05-07 23:33:00,4697.47500,2026-05-07 23:36:00,4698.38100,BUY,0.03,2.72,0.0193,3.0
2026-05-07 23:45:00,4699.25900,2026-05-07 23:46:00,4700.15000,BUY,0.03,2.67,0.0190,1.0
2026-05-07 23:51:00,4703.27800,2026-05-07 23:52:00,4703.32800,BUY,0.03,0.15,0.0011,1.0
2026-05-07 23:57:00,4703.78600,2026-05-07 23:58:00,4703.61900,BUY,0.03,-0.50,-0.0036,1.0
2026-05-08 00:03:00,4703.80400,2026-05-08 00:04:00,4702.30400,BUY,0.03,-4.50,-0.0319,1.0
2026-05-08 00:09:00,4707.47700,2026-05-08 00:10:00,4709.30100,BUY,0.03,5.47,0.0387,1.0
2026-05-08 00:32:00,4702.02600,2026-05-08 00:33:00,4700.52600,BUY,0.03,-4.50,-0.0319,1.0
2026-05-08 00:42:00,4706.05700,2026-05-08 00:43:00,4707.08500,BUY,0.03,3.08,0.0218,1.0
2026-05-08 01:00:00,4708.30000,2026-05-08 01:01:00,4711.30000,BUY,0.03,9.00,0.0637,1.0
2026-05-08 01:06:00,4718.08500,2026-05-08 01:07:00,4716.58500,BUY,0.04,-6.00,-0.0318,1.0
2026-05-08 01:12:00,4714.85900,2026-05-08 01:13:00,4714.12900,BUY,0.03,-2.19,-0.0155,1.0
2026-05-08 01:49:00,4719.74600,2026-05-08 01:50:00,4720.04800,BUY,0.03,0.91,0.0064,1.0
2026-05-08 01:55:00,4723.84100,2026-05-08 01:56:00,4724.79800,BUY,0.03,2.87,0.0203,1.0
2026-05-08 02:02:00,4726.07500,2026-05-08 02:03:00,4729.07500,BUY,0.03,9.00,0.0635,1.0
2026-05-08 02:12:00,4725.31500,2026-05-08 02:13:00,4725.35700,SELL,0.04,-0.17,-0.0009,1.0
2026-05-08 02:18:00,4719.36100,2026-05-08 02:19:00,4719.30800,SELL,0.04,0.21,0.0011,1.0
2026-05-08 02:25:00,4720.47800,2026-05-08 02:26:00,4721.97800,SELL,0.04,-6.00,-0.0318,1.0
2026-05-08 02:31:00,4720.79600,2026-05-08 02:32:00,4718.84400,SELL,0.04,7.81,0.0413,1.0
2026-05-08 02:37:00,4710.29200,2026-05-08 02:38:00,4707.29200,SELL,0.04,12.00,0.0637,1.0
2026-05-08 02:44:00,4710.41700,2026-05-08 02:45:00,4711.25800,SELL,0.04,-3.36,-0.0179,1.0
2026-05-08 02:58:00,4713.00300,2026-05-08 02:59:00,4713.37000,SELL,0.04,-1.47,-0.0078,1.0
2026-05-08 03:21:00,4717.83000,2026-05-08 03:22:00,4718.66000,SELL,0.04,-3.32,-0.0176,1.0
2026-05-08 03:39:00,4723.91200,2026-05-08 03:40:00,4723.30200,SELL,0.04,2.44,0.0129,1.0
2026-05-08 03:45:00,4724.83800,2026-05-08 03:46:00,4723.97100,SELL,0.04,3.47,0.0183,1.0
2026-05-08 03:51:00,4719.79200,2026-05-08 03:52:00,4720.98000,SELL,0.04,-4.75,-0.0252,1.0
2026-05-08 03:57:00,4720.04400,2026-05-08 04:00:00,4721.54400,SELL,0.04,-6.00,-0.0318,3.0
2026-05-08 04:05:00,4717.80100,2026-05-08 04:06:00,4716.63600,SELL,0.04,4.66,0.0247,1.0
2026-05-08 04:11:00,4717.77000,2026-05-08 04:12:00,4717.05500,SELL,0.04,2.86,0.0152,1.0
2026-05-08 04:17:00,4715.94200,2026-05-08 04:18:00,4716.57400,SELL,0.04,-2.53,-0.0134,1.0
2026-05-08 04:27:00,4715.91900,2026-05-08 04:29:00,4717.41900,SELL,0.04,-6.00,-0.0318,2.0
2026-05-08 04:34:00,4715.38400,2026-05-08 04:35:00,4713.69800,SELL,0.04,6.74,0.0358,1.0
2026-05-08 04:40:00,4712.25500,2026-05-08 04:41:00,4711.17000,SELL,0.04,4.34,0.0230,1.0
2026-05-08 04:46:00,4711.60700,2026-05-08 04:47:00,4711.08600,SELL,0.04,2.08,0.0111,1.0
2026-05-08 04:58:00,4713.65700,2026-05-08 04:59:00,4710.65700,SELL,0.04,12.00,0.0636,1.0
2026-05-08 05:05:00,4712.87600,2026-05-08 05:06:00,4712.54900,SELL,0.05,1.64,0.0069,1.0
2026-05-08 05:14:00,4712.07200,2026-05-08 05:15:00,4711.55000,SELL,0.05,2.61,0.0111,1.0
2026-05-08 05:25:00,4712.53200,2026-05-08 05:26:00,4713.35000,SELL,0.05,-4.09,-0.0174,1.0
2026-05-08 05:39:00,4722.46400,2026-05-08 05:40:00,4723.96400,SELL,0.05,-7.50,-0.0318,1.0
2026-05-08 05:45:00,4723.33300,2026-05-08 05:46:00,4724.83300,SELL,0.04,-6.00,-0.0318,1.0
2026-05-08 05:51:00,4728.13200,2026-05-08 05:52:00,4726.63200,BUY,0.04,-6.00,-0.0317,1.0
2026-05-08 05:57:00,4729.09600,2026-05-08 05:58:00,4728.51600,BUY,0.04,-2.32,-0.0123,1.0
2026-05-08 06:26:00,4728.14000,2026-05-08 06:27:00,4729.42500,BUY,0.04,5.14,0.0272,1.0
2026-05-08 06:59:00,4725.47700,2026-05-08 07:00:00,4723.97700,BUY,0.04,-6.00,-0.0317,1.0
2026-05-08 07:05:00,4723.92900,2026-05-08 07:06:00,4721.88300,SELL,0.04,8.18,0.0433,1.0
2026-05-08 07:11:00,4720.00700,2026-05-08 07:12:00,4718.72600,SELL,0.04,5.12,0.0271,1.0
2026-05-08 07:17:00,4715.44100,2026-05-08 07:18:00,4715.05100,SELL,0.04,1.56,0.0083,1.0
2026-05-08 07:23:00,4709.22500,2026-05-08 07:24:00,4706.22500,SELL,0.04,12.00,0.0637,1.0
2026-05-08 07:29:00,4706.76000,2026-05-08 07:30:00,4703.76000,SELL,0.05,15.00,0.0637,1.0
2026-05-08 07:39:00,4708.98800,2026-05-08 07:40:00,4707.48800,BUY,0.05,-7.50,-0.0319,1.0
2026-05-08 07:45:00,4709.78700,2026-05-08 07:46:00,4710.63500,BUY,0.05,4.24,0.0180,1.0
2026-05-08 07:53:00,4711.82100,2026-05-08 07:54:00,4710.32100,BUY,0.05,-7.50,-0.0318,1.0
2026-05-08 07:59:00,4708.03300,2026-05-08 08:00:00,4708.43300,SELL,0.05,-2.00,-0.0085,1.0
2026-05-08 08:05:00,4708.01000,2026-05-08 08:06:00,4707.27100,SELL,0.05,3.70,0.0157,1.0
2026-05-08 08:29:00,4716.92900,2026-05-08 08:30:00,4718.42900,SELL,0.05,-7.50,-0.0318,1.0
2026-05-08 08:36:00,4722.64600,2026-05-08 08:37:00,4722.74000,BUY,0.05,0.47,0.0020,1.0
2026-05-08 09:14:00,4718.46900,2026-05-08 09:15:00,4718.75200,BUY,0.05,1.42,0.0060,1.0
2026-05-08 09:20:00,4720.96700,2026-05-08 09:21:00,4721.69000,BUY,0.05,3.61,0.0153,1.0
2026-05-08 09:26:00,4721.21800,2026-05-08 09:29:00,4719.71800,BUY,0.05,-7.50,-0.0318,3.0
2026-05-08 09:34:00,4714.69800,2026-05-08 09:35:00,4711.69800,SELL,0.05,15.00,0.0636,1.0
2026-05-08 09:40:00,4712.35300,2026-05-08 09:41:00,4713.85300,SELL,0.05,-7.50,-0.0318,1.0
2026-05-08 09:46:00,4710.94700,2026-05-08 09:47:00,4710.54900,SELL,0.05,1.99,0.0084,1.0
2026-05-08 09:52:00,4708.62100,2026-05-08 09:53:00,4708.01500,SELL,0.05,3.03,0.0129,1.0
2026-05-08 10:45:00,4723.21500,2026-05-08 10:47:00,4722.22900,SELL,0.05,4.93,0.0209,2.0
2026-05-08 10:52:00,4721.48600,2026-05-08 10:53:00,4720.66700,SELL,0.05,4.09,0.0173,1.0
2026-05-08 10:58:00,4719.01800,2026-05-08 11:00:00,4720.51800,SELL,0.05,-7.50,-0.0318,2.0
2026-05-08 11:05:00,4726.30000,2026-05-08 11:06:00,4724.80000,BUY,0.05,-7.50,-0.0317,1.0
2026-05-08 11:11:00,4720.68300,2026-05-08 11:12:00,4720.57000,SELL,0.05,0.57,0.0024,1.0
2026-05-08 11:17:00,4722.23600,2026-05-08 11:18:00,4722.12000,SELL,0.05,0.58,0.0025,1.0
2026-05-08 11:33:00,4723.14100,2026-05-08 11:34:00,4722.20500,SELL,0.05,4.68,0.0198,1.0
2026-05-08 11:39:00,4722.71800,2026-05-08 11:40:00,4722.53700,SELL,0.05,0.90,0.0038,1.0
2026-05-08 11:45:00,4719.39000,2026-05-08 11:46:00,4718.90300,SELL,0.05,2.44,0.0103,1.0
2026-05-08 11:51:00,4717.00700,2026-05-08 11:52:00,4714.00700,SELL,0.05,15.00,0.0636,1.0
2026-05-08 12:03:00,4715.71700,2026-05-08 12:04:00,4713.36600,SELL,0.06,14.11,0.0499,1.0
2026-05-08 12:09:00,4709.91500,2026-05-08 12:10:00,4706.91500,SELL,0.06,18.00,0.0637,1.0
2026-05-08 12:15:00,4705.62700,2026-05-08 12:16:00,4707.12700,SELL,0.07,-10.50,-0.0319,1.0
2026-05-08 12:21:00,4707.55500,2026-05-08 12:23:00,4705.85000,SELL,0.06,10.23,0.0362,2.0
2026-05-08 12:44:00,4724.03500,2026-05-08 12:45:00,4721.03500,SELL,0.07,21.00,0.0635,1.0
2026-05-08 12:50:00,4721.40700,2026-05-08 12:51:00,4722.90700,SELL,0.07,-10.50,-0.0318,1.0
2026-05-08 12:58:00,4724.47000,2026-05-08 12:59:00,4725.97000,SELL,0.07,-10.50,-0.0317,1.0
2026-05-08 13:04:00,4723.14400,2026-05-08 13:05:00,4724.64400,SELL,0.07,-10.50,-0.0318,1.0
2026-05-08 13:10:00,4719.04600,2026-05-08 13:11:00,4718.23000,SELL,0.06,4.90,0.0173,1.0
2026-05-08 13:41:00,4735.92900,2026-05-08 13:42:00,4737.42900,SELL,0.06,-9.00,-0.0317,1.0
2026-05-08 13:53:00,4738.25100,2026-05-08 13:54:00,4739.75100,SELL,0.06,-9.00,-0.0317,1.0
2026-05-08 13:59:00,4747.70900,2026-05-08 14:00:00,4746.20900,BUY,0.06,-9.00,-0.0316,1.0
2026-05-08 14:05:00,4736.65300,2026-05-08 14:06:00,4733.65300,SELL,0.06,18.00,0.0633,1.0
2026-05-08 14:11:00,4725.40200,2026-05-08 14:12:00,4722.40200,SELL,0.06,18.00,0.0635,1.0
2026-05-08 14:17:00,4730.02400,2026-05-08 14:18:00,4728.37000,SELL,0.07,11.58,0.0350,1.0
2026-05-08 14:23:00,4725.09200,2026-05-08 14:24:00,4725.72000,SELL,0.07,-4.40,-0.0133,1.0
2026-05-08 14:29:00,4717.05900,2026-05-08 14:30:00,4718.55900,SELL,0.07,-10.50,-0.0318,1.0
2026-05-08 14:43:00,4723.16100,2026-05-08 14:44:00,4722.78100,BUY,0.07,-2.66,-0.0080,1.0
2026-05-08 15:07:00,4718.77100,2026-05-08 15:09:00,4717.27100,BUY,0.07,-10.50,-0.0318,2.0
2026-05-08 15:14:00,4707.74000,2026-05-08 15:15:00,4707.85600,SELL,0.06,-0.70,-0.0025,1.0
2026-05-08 15:20:00,4708.83300,2026-05-08 15:21:00,4710.33300,SELL,0.06,-9.00,-0.0319,1.0
2026-05-08 15:28:00,4710.40100,2026-05-08 15:29:00,4713.40100,BUY,0.06,18.00,0.0637,1.0
2026-05-08 15:36:00,4714.09700,2026-05-08 15:37:00,4712.59700,BUY,0.06,-9.00,-0.0318,1.0
2026-05-08 15:43:00,4707.63300,2026-05-08 15:44:00,4706.01500,SELL,0.06,9.71,0.0344,1.0
2026-05-08 15:49:00,4708.53000,2026-05-08 15:50:00,4710.03000,SELL,0.07,-10.50,-0.0319,1.0
2026-05-08 15:55:00,4704.78600,2026-05-08 15:56:00,4706.28600,SELL,0.06,-9.00,-0.0319,1.0
2026-05-08 16:03:00,4706.53800,2026-05-08 16:04:00,4706.20100,SELL,0.06,2.02,0.0072,1.0
2026-05-08 16:40:00,4716.36400,2026-05-08 16:41:00,4714.28100,SELL,0.06,12.50,0.0442,1.0
2026-05-08 16:46:00,4714.62900,2026-05-08 16:47:00,4714.49800,SELL,0.06,0.79,0.0028,1.0
2026-05-08 16:52:00,4712.83400,2026-05-08 16:53:00,4713.10700,SELL,0.06,-1.64,-0.0058,1.0
2026-05-08 16:59:00,4712.21400,2026-05-08 17:00:00,4713.71400,SELL,0.06,-9.00,-0.0318,1.0
2026-05-08 17:05:00,4715.29300,2026-05-08 17:06:00,4714.85400,BUY,0.06,-2.63,-0.0093,1.0
2026-05-08 17:14:00,4715.23200,2026-05-08 17:15:00,4717.09700,BUY,0.06,11.19,0.0396,1.0
2026-05-08 17:20:00,4718.65100,2026-05-08 17:21:00,4720.65600,BUY,0.06,12.03,0.0425,1.0
2026-05-08 17:27:00,4720.00900,2026-05-08 17:28:00,4721.00600,BUY,0.07,6.98,0.0211,1.0
2026-05-08 17:33:00,4720.27500,2026-05-08 17:34:00,4720.40900,BUY,0.07,0.94,0.0028,1.0
2026-05-08 17:46:00,4720.90700,2026-05-08 17:51:00,4719.40700,BUY,0.07,-10.50,-0.0318,5.0
2026-05-08 17:56:00,4721.27800,2026-05-08 17:58:00,4719.77800,BUY,0.07,-10.50,-0.0318,2.0
2026-05-08 18:03:00,4726.00200,2026-05-08 18:04:00,4726.33200,BUY,0.06,1.98,0.0070,1.0
2026-05-08 18:09:00,4725.66400,2026-05-08 18:10:00,4726.34500,BUY,0.06,4.09,0.0144,1.0
2026-05-08 18:15:00,4726.56400,2026-05-08 18:16:00,4726.85500,BUY,0.06,1.75,0.0062,1.0
2026-05-08 18:23:00,4726.86500,2026-05-08 18:25:00,4725.36500,BUY,0.07,-10.50,-0.0317,2.0
2026-05-08 18:30:00,4724.76500,2026-05-08 18:31:00,4724.53500,SELL,0.06,1.38,0.0049,1.0
2026-05-08 18:37:00,4725.14100,2026-05-08 18:40:00,4724.84500,SELL,0.06,1.78,0.0063,3.0
2026-05-08 18:45:00,4724.16300,2026-05-08 18:46:00,4723.83300,SELL,0.06,1.98,0.0070,1.0
2026-05-08 18:51:00,4723.33800,2026-05-08 18:52:00,4723.62100,SELL,0.06,-1.70,-0.0060,1.0
2026-05-08 18:57:00,4721.91800,2026-05-08 18:58:00,4722.74100,SELL,0.06,-4.94,-0.0174,1.0
2026-05-08 19:16:00,4724.15700,2026-05-08 19:20:00,4724.41900,SELL,0.06,-1.57,-0.0055,4.0
2026-05-08 19:29:00,4723.79700,2026-05-08 19:30:00,4722.93500,SELL,0.06,5.17,0.0182,1.0
2026-05-08 19:35:00,4722.21300,2026-05-08 19:36:00,4722.44300,SELL,0.06,-1.38,-0.0049,1.0
2026-05-08 19:54:00,4724.69200,2026-05-08 19:55:00,4724.47100,SELL,0.06,1.33,0.0047,1.0
2026-05-08 20:00:00,4722.40500,2026-05-08 20:01:00,4723.19600,SELL,0.06,-4.75,-0.0167,1.0
2026-05-08 20:06:00,4722.93500,2026-05-08 20:07:00,4722.90800,SELL,0.06,0.16,0.0006,1.0
2026-05-08 20:12:00,4717.87300,2026-05-08 20:13:00,4718.16100,SELL,0.06,-1.73,-0.0061,1.0
2026-05-08 20:18:00,4716.74800,2026-05-08 20:19:00,4715.47900,SELL,0.06,7.61,0.0269,1.0
2026-05-08 20:27:00,4716.02700,2026-05-08 20:30:00,4716.75300,SELL,0.06,-4.36,-0.0154,3.0
2026-05-08 20:35:00,4717.11700,2026-05-08 20:43:00,4716.40000,SELL,0.06,4.30,0.0152,8.0
2026-05-08 20:48:00,4714.98000,2026-05-08 20:49:00,4715.10500,SELL,0.06,-0.75,-0.0027,1.0
2026-05-08 20:54:00,4715.20900,2026-05-08 20:55:00,4715.17500,SELL,0.06,0.20,0.0007,1.0
2026-05-10 22:02:00,4687.82500,2026-05-10 22:03:00,4684.82500,SELL,0.06,18.00,0.0640,1.0
2026-05-10 22:08:00,4686.44700,2026-05-10 22:09:00,4687.94700,SELL,0.07,-10.50,-0.0320,1.0
2026-05-10 22:17:00,4685.80600,2026-05-10 22:18:00,4682.80600,SELL,0.07,21.00,0.0640,1.0
2026-05-10 22:30:00,4690.30000,2026-05-10 22:33:00,4691.80000,SELL,0.07,-10.50,-0.0320,3.0
2026-05-10 22:38:00,4687.83800,2026-05-10 22:39:00,4688.49000,SELL,0.07,-4.56,-0.0139,1.0
2026-05-10 23:02:00,4692.66000,2026-05-10 23:04:00,4694.16000,SELL,0.07,-10.50,-0.0320,2.0
2026-05-10 23:09:00,4694.07700,2026-05-10 23:10:00,4692.00200,SELL,0.06,12.45,0.0442,1.0
2026-05-10 23:15:00,4689.52500,2026-05-10 23:16:00,4691.02500,SELL,0.07,-10.50,-0.0320,1.0
2026-05-10 23:22:00,4695.59500,2026-05-10 23:24:00,4696.02800,BUY,0.06,2.60,0.0092,2.0
2026-05-10 23:30:00,4696.48900,2026-05-10 23:32:00,4697.12700,BUY,0.07,4.47,0.0136,2.0
2026-05-10 23:37:00,4697.93200,2026-05-10 23:38:00,4697.45900,BUY,0.07,-3.31,-0.0101,1.0
2026-05-10 23:44:00,4697.55800,2026-05-10 23:45:00,4696.05800,BUY,0.07,-10.50,-0.0319,1.0
2026-05-10 23:52:00,4696.22000,2026-05-10 23:53:00,4697.01900,SELL,0.06,-4.79,-0.0170,1.0
2026-05-10 23:58:00,4692.62000,2026-05-10 23:59:00,4691.67500,SELL,0.06,5.67,0.0201,1.0
2026-05-11 00:04:00,4687.16800,2026-05-11 00:05:00,4688.66800,SELL,0.06,-9.00,-0.0320,1.0
2026-05-11 00:10:00,4684.13100,2026-05-11 00:11:00,4683.78300,SELL,0.06,2.09,0.0074,1.0
2026-05-11 00:16:00,4679.79800,2026-05-11 00:17:00,4676.79800,SELL,0.06,18.00,0.0641,1.0
2026-05-11 00:30:00,4687.75600,2026-05-11 00:31:00,4690.75600,BUY,0.07,21.00,0.0640,1.0
2026-05-11 00:36:00,4691.82200,2026-05-11 00:37:00,4690.32200,BUY,0.07,-10.50,-0.0320,1.0
2026-05-11 00:44:00,4689.12900,2026-05-11 00:45:00,4690.62900,SELL,0.07,-10.50,-0.0320,1.0
2026-05-11 00:51:00,4688.79300,2026-05-11 00:52:00,4685.79300,SELL,0.07,21.00,0.0640,1.0
2026-05-11 00:57:00,4679.20500,2026-05-11 00:58:00,4678.29200,SELL,0.07,6.39,0.0195,1.0
2026-05-11 01:10:00,4685.02400,2026-05-11 01:11:00,4686.52400,SELL,0.08,-12.00,-0.0320,1.0
2026-05-11 01:16:00,4692.89200,2026-05-11 01:17:00,4694.39200,SELL,0.07,-10.50,-0.0320,1.0
2026-05-11 01:24:00,4703.14000,2026-05-11 01:25:00,4701.64000,BUY,0.07,-10.50,-0.0319,1.0
2026-05-11 01:30:00,4695.80700,2026-05-11 01:31:00,4694.36800,SELL,0.06,8.63,0.0306,1.0
2026-05-11 01:36:00,4696.28100,2026-05-11 01:37:00,4694.95100,SELL,0.07,9.31,0.0283,1.0
2026-05-11 01:42:00,4694.25300,2026-05-11 01:43:00,4691.25300,SELL,0.07,21.00,0.0639,1.0
2026-05-11 01:48:00,4694.73900,2026-05-11 01:50:00,4691.73900,SELL,0.08,24.00,0.0639,2.0
2026-05-11 01:55:00,4683.04700,2026-05-11 01:56:00,4684.14100,SELL,0.09,-9.85,-0.0234,1.0
2026-05-11 02:06:00,4680.34800,2026-05-11 02:07:00,4681.84800,SELL,0.08,-12.00,-0.0320,1.0
2026-05-11 02:17:00,4685.03800,2026-05-11 02:19:00,4683.39100,SELL,0.08,13.18,0.0352,2.0
2026-05-11 02:41:00,4694.43800,2026-05-11 02:42:00,4693.09900,SELL,0.08,10.71,0.0285,1.0
2026-05-11 02:47:00,4691.35400,2026-05-11 02:48:00,4688.35400,SELL,0.09,27.00,0.0639,1.0
2026-05-11 02:53:00,4679.30200,2026-05-11 02:54:00,4680.80200,SELL,0.09,-13.50,-0.0321,1.0
2026-05-11 03:00:00,4678.32000,2026-05-11 03:01:00,4675.32000,SELL,0.09,27.00,0.0641,1.0
2026-05-11 03:09:00,4686.10800,2026-05-11 03:10:00,4686.03400,BUY,0.1,-0.74,-0.0016,1.0
2026-05-11 03:15:00,4686.14100,2026-05-11 03:16:00,4684.64100,BUY,0.1,-15.00,-0.0320,1.0
2026-05-11 03:21:00,4684.26500,2026-05-11 03:22:00,4685.07300,SELL,0.09,-7.27,-0.0172,1.0
2026-05-11 03:32:00,4687.21200,2026-05-11 03:33:00,4688.71200,SELL,0.09,-13.50,-0.0320,1.0
2026-05-11 03:38:00,4682.80600,2026-05-11 03:39:00,4684.24100,SELL,0.09,-12.92,-0.0306,1.0
2026-05-11 03:48:00,4685.12200,2026-05-11 03:49:00,4682.12200,SELL,0.08,24.00,0.0640,1.0
2026-05-11 03:54:00,4677.58900,2026-05-11 03:55:00,4677.79100,SELL,0.09,-1.82,-0.0043,1.0
2026-05-11 04:00:00,4678.24800,2026-05-11 04:01:00,4676.89100,SELL,0.09,12.21,0.0290,1.0
2026-05-11 04:10:00,4677.23400,2026-05-11 04:12:00,4675.25500,SELL,0.09,17.81,0.0423,2.0
2026-05-11 04:17:00,4675.64100,2026-05-11 04:18:00,4675.25900,SELL,0.1,3.82,0.0082,1.0
2026-05-11 04:23:00,4673.83700,2026-05-11 04:24:00,4673.57000,SELL,0.1,2.67,0.0057,1.0
2026-05-11 04:29:00,4671.89300,2026-05-11 04:30:00,4668.89300,SELL,0.1,30.00,0.0642,1.0
2026-05-11 04:44:00,4673.18600,2026-05-11 04:45:00,4673.06800,BUY,0.11,-1.30,-0.0025,1.0
2026-05-11 04:50:00,4675.78700,2026-05-11 04:51:00,4674.84500,BUY,0.11,-10.36,-0.0201,1.0
2026-05-11 05:21:00,4673.34000,2026-05-11 05:22:00,4674.65000,BUY,0.11,14.41,0.0280,1.0
2026-05-11 05:33:00,4677.36900,2026-05-11 05:34:00,4678.56500,BUY,0.11,13.16,0.0256,1.0
2026-05-11 06:09:00,4662.57000,2026-05-11 06:10:00,4663.20400,BUY,0.12,7.61,0.0136,1.0
2026-05-11 06:15:00,4667.42600,2026-05-11 06:16:00,4666.96000,BUY,0.12,-5.59,-0.0100,1.0
2026-05-11 06:30:00,4670.67700,2026-05-11 06:33:00,4669.17700,BUY,0.12,-18.00,-0.0321,3.0
2026-05-11 06:38:00,4672.96900,2026-05-11 06:39:00,4672.91100,BUY,0.11,-0.64,-0.0012,1.0
2026-05-11 06:44:00,4674.17400,2026-05-11 06:45:00,4673.81100,BUY,0.11,-3.99,-0.0078,1.0
2026-05-11 06:51:00,4674.81900,2026-05-11 06:52:00,4677.81900,BUY,0.11,33.00,0.0642,1.0
2026-05-11 06:59:00,4678.19300,2026-05-11 07:00:00,4678.13300,BUY,0.12,-0.72,-0.0013,1.0
2026-05-11 07:26:00,4677.07000,2026-05-11 07:29:00,4675.57000,BUY,0.12,-18.00,-0.0321,3.0
2026-05-11 07:34:00,4674.40400,2026-05-11 07:35:00,4673.83500,SELL,0.12,6.83,0.0122,1.0
2026-05-11 07:40:00,4674.51000,2026-05-11 07:41:00,4676.01000,SELL,0.12,-18.00,-0.0321,1.0
2026-05-11 07:46:00,4672.10300,2026-05-11 07:47:00,4669.10300,SELL,0.11,33.00,0.0642,1.0
2026-05-11 07:52:00,4665.88900,2026-05-11 07:53:00,4667.38900,SELL,0.12,-18.00,-0.0321,1.0
2026-05-11 07:58:00,4666.32400,2026-05-11 07:59:00,4667.82400,SELL,0.12,-18.00,-0.0321,1.0
2026-05-11 08:06:00,4669.16100,2026-05-11 08:08:00,4667.66100,BUY,0.11,-16.50,-0.0321,2.0
2026-05-11 08:14:00,4671.94400,2026-05-11 08:15:00,4673.18300,BUY,0.11,13.63,0.0265,1.0
2026-05-11 08:21:00,4676.58300,2026-05-11 08:22:00,4675.84700,BUY,0.11,-8.10,-0.0157,1.0
2026-05-11 09:07:00,4668.29300,2026-05-11 09:09:00,4666.79300,BUY,0.11,-16.50,-0.0321,2.0
2026-05-11 09:15:00,4666.43600,2026-05-11 09:16:00,4665.88400,SELL,0.1,5.52,0.0118,1.0
2026-05-11 09:21:00,4664.55700,2026-05-11 09:22:00,4664.07600,SELL,0.1,4.81,0.0103,1.0
2026-05-11 09:27:00,4660.29400,2026-05-11 09:28:00,4658.84800,SELL,0.11,15.91,0.0310,1.0
2026-05-11 09:33:00,4652.22900,2026-05-11 09:34:00,4653.72900,SELL,0.11,-16.50,-0.0322,1.0
2026-05-11 09:44:00,4662.73200,2026-05-11 09:45:00,4663.19300,BUY,0.1,4.61,0.0099,1.0
2026-05-11 09:50:00,4663.05300,2026-05-11 09:51:00,4661.55300,BUY,0.11,-16.50,-0.0322,1.0
2026-05-11 09:56:00,4658.76700,2026-05-11 09:57:00,4658.17300,SELL,0.1,5.94,0.0128,1.0
2026-05-11 10:04:00,4657.68500,2026-05-11 10:05:00,4659.18500,SELL,0.1,-15.00,-0.0322,1.0
2026-05-11 10:10:00,4662.12500,2026-05-11 10:11:00,4662.14700,BUY,0.1,0.22,0.0005,1.0
2026-05-11 10:17:00,4661.09300,2026-05-11 10:18:00,4662.21600,BUY,0.1,11.23,0.0241,1.0
2026-05-11 10:23:00,4663.90000,2026-05-11 10:24:00,4665.14800,BUY,0.1,12.48,0.0268,1.0
2026-05-11 10:30:00,4664.10200,2026-05-11 10:31:00,4665.87200,BUY,0.11,19.47,0.0379,1.0
2026-05-11 10:36:00,4665.68600,2026-05-11 10:38:00,4664.18600,BUY,0.11,-16.50,-0.0321,2.0
2026-05-11 10:43:00,4662.24300,2026-05-11 10:44:00,4663.15500,SELL,0.11,-10.03,-0.0196,1.0
2026-05-11 11:12:00,4667.52300,2026-05-11 11:14:00,4669.02300,SELL,0.1,-15.00,-0.0321,2.0
2026-05-11 11:22:00,4669.68400,2026-05-11 11:23:00,4668.18400,BUY,0.1,-15.00,-0.0321,1.0
2026-05-11 11:28:00,4670.86000,2026-05-11 11:29:00,4671.86400,BUY,0.09,9.04,0.0215,1.0
2026-05-11 11:34:00,4671.74400,2026-05-11 11:35:00,4670.24400,BUY,0.1,-15.00,-0.0321,1.0
2026-05-11 11:40:00,4675.23600,2026-05-11 11:41:00,4676.81100,BUY,0.09,14.17,0.0337,1.0
2026-05-11 12:19:00,4672.65600,2026-05-11 12:20:00,4675.65600,BUY,0.1,30.00,0.0642,1.0
2026-05-11 12:34:00,4693.40800,2026-05-11 12:35:00,4696.40800,BUY,0.11,33.00,0.0639,1.0
2026-05-11 12:41:00,4693.07900,2026-05-11 12:43:00,4691.82400,SELL,0.12,15.06,0.0267,2.0
2026-05-11 12:48:00,4689.22200,2026-05-11 12:49:00,4689.01300,SELL,0.12,2.51,0.0045,1.0
2026-05-11 13:28:00,4728.05800,2026-05-11 13:29:00,4729.55800,SELL,0.12,-18.00,-0.0317,1.0
2026-05-11 13:35:00,4734.71900,2026-05-11 13:36:00,4737.71900,BUY,0.12,36.00,0.0634,1.0
2026-05-11 13:42:00,4745.14700,2026-05-11 13:43:00,4743.64700,BUY,0.13,-19.50,-0.0316,1.0
2026-05-11 13:49:00,4737.61200,2026-05-11 13:50:00,4735.24600,SELL,0.12,28.39,0.0499,1.0
2026-05-11 13:59:00,4736.22200,2026-05-11 14:00:00,4737.72200,SELL,0.13,-19.50,-0.0317,1.0
2026-05-11 14:05:00,4727.36600,2026-05-11 14:06:00,4724.36600,SELL,0.13,39.00,0.0635,1.0
2026-05-11 14:17:00,4726.91600,2026-05-11 14:18:00,4728.41600,SELL,0.14,-21.00,-0.0317,1.0
2026-05-11 14:23:00,4732.03000,2026-05-11 14:24:00,4733.35600,BUY,0.13,17.24,0.0280,1.0
2026-05-11 15:10:00,4730.51400,2026-05-11 15:11:00,4729.01400,BUY,0.14,-21.00,-0.0317,1.0
2026-05-11 15:16:00,4731.87800,2026-05-11 15:17:00,4733.35800,BUY,0.13,19.24,0.0313,1.0
2026-05-11 15:22:00,4735.58100,2026-05-11 15:23:00,4736.54100,BUY,0.14,13.44,0.0203,1.0
2026-05-11 15:54:00,4731.94400,2026-05-11 15:58:00,4731.87000,BUY,0.14,-1.04,-0.0016,4.0
2026-05-11 16:04:00,4731.67400,2026-05-11 16:05:00,4731.54100,BUY,0.14,-1.86,-0.0028,1.0
2026-05-11 16:58:00,4716.11300,2026-05-11 16:59:00,4716.27800,BUY,0.14,2.31,0.0035,1.0
2026-05-11 17:04:00,4718.01600,2026-05-11 17:05:00,4718.89900,BUY,0.14,12.36,0.0187,1.0
2026-05-11 17:11:00,4718.28500,2026-05-11 17:12:00,4716.78500,BUY,0.15,-22.50,-0.0318,1.0
2026-05-11 17:17:00,4718.65900,2026-05-11 17:20:00,4717.15900,BUY,0.14,-21.00,-0.0318,3.0
2026-05-11 17:25:00,4720.54100,2026-05-11 17:26:00,4720.64000,BUY,0.13,1.29,0.0021,1.0
2026-05-11 17:31:00,4721.54600,2026-05-11 17:32:00,4722.91900,BUY,0.13,17.85,0.0291,1.0
2026-05-11 17:37:00,4722.65600,2026-05-11 17:38:00,4722.88900,BUY,0.14,3.26,0.0049,1.0
2026-05-11 17:43:00,4723.36200,2026-05-11 17:44:00,4723.72400,BUY,0.14,5.07,0.0077,1.0
2026-05-11 18:03:00,4724.55700,2026-05-11 18:04:00,4724.27100,BUY,0.14,-4.00,-0.0061,1.0
2026-05-11 18:09:00,4725.59500,2026-05-11 18:10:00,4725.00700,BUY,0.14,-8.23,-0.0124,1.0
2026-05-11 18:25:00,4724.27400,2026-05-11 18:26:00,4725.24800,BUY,0.14,13.64,0.0206,1.0
2026-05-11 18:31:00,4727.72500,2026-05-11 18:32:00,4727.09200,BUY,0.14,-8.86,-0.0134,1.0
2026-05-11 18:37:00,4728.74800,2026-05-11 18:38:00,4728.14500,BUY,0.14,-8.44,-0.0128,1.0
2026-05-11 18:56:00,4728.70800,2026-05-11 18:57:00,4727.20800,BUY,0.13,-19.50,-0.0317,1.0
2026-05-11 19:02:00,4725.19800,2026-05-11 19:03:00,4724.42100,SELL,0.13,10.10,0.0164,1.0
2026-05-11 19:13:00,4724.71300,2026-05-11 19:14:00,4724.91700,SELL,0.13,-2.65,-0.0043,1.0
2026-05-11 19:19:00,4724.92500,2026-05-11 19:20:00,4724.59500,SELL,0.13,4.29,0.0070,1.0
2026-05-11 19:25:00,4723.72000,2026-05-11 19:26:00,4723.62500,SELL,0.13,1.24,0.0020,1.0
2026-05-11 19:31:00,4723.85400,2026-05-11 19:32:00,4725.35400,SELL,0.13,-19.50,-0.0318,1.0
2026-05-11 19:37:00,4726.83800,2026-05-11 19:38:00,4727.18700,BUY,0.13,4.54,0.0074,1.0
2026-05-11 19:43:00,4728.09900,2026-05-11 19:44:00,4727.07200,BUY,0.13,-13.35,-0.0217,1.0
2026-05-11 19:49:00,4731.09800,2026-05-11 19:50:00,4731.19500,BUY,0.12,1.16,0.0021,1.0
2026-05-11 19:55:00,4735.20800,2026-05-11 19:56:00,4733.70800,BUY,0.12,-18.00,-0.0317,1.0
2026-05-11 20:01:00,4737.36300,2026-05-11 20:02:00,4737.04900,BUY,0.12,-3.77,-0.0066,1.0
2026-05-11 20:13:00,4736.20900,2026-05-11 20:14:00,4734.70900,BUY,0.12,-18.00,-0.0317,1.0
2026-05-11 20:19:00,4734.88000,2026-05-11 20:22:00,4734.26200,SELL,0.11,6.80,0.0131,3.0
2026-05-11 20:46:00,4736.97700,2026-05-11 20:47:00,4737.30700,SELL,0.11,-3.63,-0.0070,1.0
2026-05-11 20:52:00,4734.01900,2026-05-11 20:53:00,4734.62200,SELL,0.11,-6.63,-0.0127,1.0
2026-05-11 22:15:00,4738.71100,2026-05-11 22:16:00,4738.42400,SELL,0.11,3.16,0.0061,1.0
2026-05-11 22:21:00,4738.92000,2026-05-11 22:22:00,4738.38700,SELL,0.11,5.86,0.0112,1.0
2026-05-11 22:55:00,4751.75100,2026-05-11 23:00:00,4752.50600,SELL,0.11,-8.31,-0.0159,5.0
2026-05-11 23:05:00,4751.15100,2026-05-11 23:06:00,4752.65100,SELL,0.11,-16.50,-0.0316,1.0
2026-05-11 23:11:00,4745.86700,2026-05-11 23:12:00,4747.36700,SELL,0.1,-15.00,-0.0316,1.0
2026-05-11 23:18:00,4751.19300,2026-05-11 23:19:00,4752.22600,SELL,0.1,-10.33,-0.0217,1.0
2026-05-11 23:24:00,4752.07000,2026-05-11 23:27:00,4753.57000,SELL,0.1,-15.00,-0.0316,3.0
2026-05-11 23:32:00,4754.91900,2026-05-11 23:33:00,4755.36200,BUY,0.09,3.99,0.0093,1.0
2026-05-11 23:38:00,4757.98800,2026-05-11 23:39:00,4756.48800,BUY,0.09,-13.50,-0.0315,1.0
2026-05-11 23:46:00,4758.04300,2026-05-11 23:47:00,4757.84900,BUY,0.09,-1.75,-0.0041,1.0
2026-05-11 23:52:00,4768.31600,2026-05-11 23:53:00,4766.81600,BUY,0.09,-13.50,-0.0315,1.0
2026-05-11 23:58:00,4767.92300,2026-05-11 23:59:00,4767.59100,BUY,0.08,-2.66,-0.0070,1.0
2026-05-12 00:15:00,4767.93400,2026-05-12 00:16:00,4768.94600,BUY,0.08,8.10,0.0212,1.0
2026-05-12 00:21:00,4770.00500,2026-05-12 00:22:00,4768.50500,BUY,0.08,-12.00,-0.0314,1.0
2026-05-12 00:27:00,4764.46300,2026-05-12 00:29:00,4762.40100,SELL,0.08,16.50,0.0433,2.0
2026-05-12 00:34:00,4758.31800,2026-05-12 00:35:00,4759.81800,SELL,0.09,-13.50,-0.0315,1.0
2026-05-12 00:40:00,4760.74900,2026-05-12 00:41:00,4760.42200,SELL,0.08,2.62,0.0069,1.0
2026-05-12 00:46:00,4757.81500,2026-05-12 00:47:00,4759.31500,SELL,0.08,-12.00,-0.0315,1.0
2026-05-12 00:52:00,4756.68300,2026-05-12 00:53:00,4754.90700,SELL,0.08,14.21,0.0373,1.0
2026-05-12 00:58:00,4753.96800,2026-05-12 00:59:00,4750.96800,SELL,0.08,24.00,0.0631,1.0
2026-05-12 01:04:00,4743.50000,2026-05-12 01:05:00,4745.00000,SELL,0.09,-13.50,-0.0316,1.0
2026-05-12 01:10:00,4750.64200,2026-05-12 01:11:00,4748.07800,SELL,0.09,23.08,0.0540,1.0
2026-05-12 01:16:00,4745.67100,2026-05-12 01:17:00,4747.17100,SELL,0.09,-13.50,-0.0316,1.0
2026-05-12 01:22:00,4743.91000,2026-05-12 01:23:00,4745.41000,SELL,0.09,-13.50,-0.0316,1.0
2026-05-12 01:28:00,4736.82500,2026-05-12 01:29:00,4735.30500,SELL,0.08,12.16,0.0321,1.0
2026-05-12 01:34:00,4732.42600,2026-05-12 01:35:00,4732.36200,SELL,0.09,0.58,0.0014,1.0
2026-05-12 01:40:00,4723.32000,2026-05-12 01:41:00,4720.32000,SELL,0.09,27.00,0.0635,1.0
2026-05-12 01:53:00,4728.35000,2026-05-12 01:55:00,4725.35000,SELL,0.1,30.00,0.0634,2.0
2026-05-12 02:01:00,4730.21800,2026-05-12 02:02:00,4728.71800,BUY,0.11,-16.50,-0.0317,1.0
2026-05-12 02:09:00,4729.86400,2026-05-12 02:10:00,4732.86400,BUY,0.1,30.00,0.0634,1.0
2026-05-12 02:15:00,4729.01500,2026-05-12 02:16:00,4730.51500,SELL,0.11,-16.50,-0.0317,1.0
2026-05-12 02:21:00,4726.77400,2026-05-12 02:22:00,4727.42100,SELL,0.11,-7.12,-0.0137,1.0
2026-05-12 02:27:00,4725.75400,2026-05-12 02:28:00,4727.07400,SELL,0.1,-13.20,-0.0279,1.0
2026-05-12 02:33:00,4725.90700,2026-05-12 02:34:00,4726.19200,SELL,0.1,-2.85,-0.0060,1.0
2026-05-12 02:40:00,4726.18700,2026-05-12 02:41:00,4725.48800,SELL,0.1,6.99,0.0148,1.0
2026-05-12 02:48:00,4728.47700,2026-05-12 02:50:00,4729.97700,SELL,0.1,-15.00,-0.0317,2.0
2026-05-12 02:55:00,4732.10900,2026-05-12 02:56:00,4730.60900,BUY,0.1,-15.00,-0.0317,1.0
2026-05-12 03:01:00,4729.21300,2026-05-12 03:02:00,4728.98300,SELL,0.09,2.07,0.0049,1.0
2026-05-12 03:07:00,4729.06500,2026-05-12 03:08:00,4728.14300,SELL,0.09,8.30,0.0195,1.0
2026-05-12 03:17:00,4727.87000,2026-05-12 03:18:00,4727.65100,SELL,0.09,1.97,0.0046,1.0
2026-05-12 03:23:00,4726.35200,2026-05-12 03:24:00,4723.35200,SELL,0.1,30.00,0.0635,1.0
2026-05-12 03:29:00,4723.98800,2026-05-12 03:30:00,4724.46500,SELL,0.11,-5.25,-0.0101,1.0
2026-05-12 03:44:00,4724.05600,2026-05-12 03:45:00,4721.05600,SELL,0.1,30.00,0.0635,1.0
2026-05-12 03:50:00,4720.54000,2026-05-12 03:52:00,4722.04000,SELL,0.11,-16.50,-0.0318,2.0
2026-05-12 03:57:00,4719.62400,2026-05-12 03:58:00,4719.87500,SELL,0.11,-2.76,-0.0053,1.0
2026-05-12 04:24:00,4725.23300,2026-05-12 04:25:00,4724.56800,SELL,0.11,7.31,0.0141,1.0
2026-05-12 04:30:00,4722.11000,2026-05-12 04:31:00,4722.97100,SELL,0.11,-9.47,-0.0182,1.0
2026-05-12 04:47:00,4720.86300,2026-05-12 04:48:00,4719.06500,SELL,0.11,19.78,0.0381,1.0
2026-05-12 04:53:00,4716.94700,2026-05-12 04:54:00,4713.94700,SELL,0.11,33.00,0.0636,1.0
2026-05-12 04:59:00,4714.22800,2026-05-12 05:00:00,4711.22800,SELL,0.12,36.00,0.0636,1.0
2026-05-12 05:07:00,4715.18300,2026-05-12 05:08:00,4712.18300,SELL,0.14,42.00,0.0636,1.0
2026-05-12 05:13:00,4711.43800,2026-05-12 05:14:00,4712.49500,SELL,0.15,-15.85,-0.0224,1.0
2026-05-12 05:29:00,4715.11700,2026-05-12 05:30:00,4716.61700,SELL,0.14,-21.00,-0.0318,1.0
2026-05-12 05:36:00,4713.79300,2026-05-12 05:37:00,4714.58000,SELL,0.14,-11.02,-0.0167,1.0
2026-05-12 05:42:00,4714.86900,2026-05-12 05:43:00,4715.03200,SELL,0.13,-2.12,-0.0035,1.0
2026-05-12 05:48:00,4714.20100,2026-05-12 05:49:00,4713.84100,SELL,0.13,4.68,0.0076,1.0
2026-05-12 05:54:00,4713.90400,2026-05-12 05:55:00,4715.40400,SELL,0.14,-21.00,-0.0318,1.0
2026-05-12 06:00:00,4708.05000,2026-05-12 06:01:00,4709.55000,SELL,0.13,-19.50,-0.0319,1.0
2026-05-12 06:06:00,4704.99500,2026-05-12 06:07:00,4706.49500,SELL,0.12,-18.00,-0.0319,1.0
2026-05-12 06:12:00,4705.15600,2026-05-12 06:13:00,4704.42600,SELL,0.12,8.76,0.0155,1.0
2026-05-12 06:22:00,4699.67200,2026-05-12 06:23:00,4698.27300,SELL,0.12,16.79,0.0298,1.0
2026-05-12 06:28:00,4696.60900,2026-05-12 06:29:00,4696.12300,SELL,0.12,5.83,0.0103,1.0
2026-05-12 06:42:00,4699.81900,2026-05-12 06:43:00,4701.31900,SELL,0.13,-19.50,-0.0319,1.0
2026-05-12 06:48:00,4701.33600,2026-05-12 06:49:00,4698.33600,SELL,0.12,36.00,0.0638,1.0
2026-05-12 06:54:00,4698.73800,2026-05-12 06:55:00,4695.73800,SELL,0.13,39.00,0.0638,1.0
2026-05-12 07:00:00,4695.52400,2026-05-12 07:01:00,4697.02400,SELL,0.14,-21.00,-0.0319,1.0
2026-05-12 07:06:00,4692.08300,2026-05-12 07:07:00,4689.08300,SELL,0.14,42.00,0.0639,1.0
2026-05-12 07:18:00,4697.37900,2026-05-12 07:19:00,4699.14200,BUY,0.15,26.44,0.0375,1.0
2026-05-12 07:27:00,4698.75100,2026-05-12 07:28:00,4697.25100,BUY,0.16,-24.00,-0.0319,1.0
2026-05-12 07:34:00,4699.78700,2026-05-12 07:36:00,4698.28700,BUY,0.15,-22.50,-0.0319,2.0
2026-05-12 07:41:00,4701.25100,2026-05-12 07:42:00,4701.06800,BUY,0.14,-2.56,-0.0039,1.0
2026-05-12 07:47:00,4699.54000,2026-05-12 07:48:00,4698.04000,BUY,0.14,-21.00,-0.0319,1.0
2026-05-12 07:53:00,4699.41800,2026-05-12 07:54:00,4700.91800,SELL,0.14,-21.00,-0.0319,1.0
2026-05-12 07:59:00,4699.92700,2026-05-12 08:00:00,4701.42700,SELL,0.13,-19.50,-0.0319,1.0
2026-05-12 08:05:00,4704.85400,2026-05-12 08:06:00,4704.61700,BUY,0.12,-2.84,-0.0050,1.0
2026-05-12 08:25:00,4702.78400,2026-05-12 08:26:00,4704.00800,BUY,0.12,14.69,0.0260,1.0
2026-05-12 08:33:00,4702.56600,2026-05-12 08:34:00,4701.06600,BUY,0.13,-19.50,-0.0319,1.0
2026-05-12 08:39:00,4700.57400,2026-05-12 08:40:00,4700.12200,SELL,0.12,5.42,0.0096,1.0
2026-05-12 09:00:00,4701.95700,2026-05-12 09:01:00,4700.45600,SELL,0.12,18.01,0.0319,1.0
2026-05-12 09:06:00,4699.83900,2026-05-12 09:07:00,4699.78300,SELL,0.13,0.73,0.0012,1.0
2026-05-12 09:12:00,4698.69100,2026-05-12 09:13:00,4698.94700,SELL,0.13,-3.33,-0.0054,1.0
2026-05-12 09:19:00,4698.89200,2026-05-12 09:20:00,4698.69500,SELL,0.13,2.56,0.0042,1.0
2026-05-12 09:26:00,4699.41600,2026-05-12 09:27:00,4699.16100,SELL,0.13,3.32,0.0054,1.0
2026-05-12 09:35:00,4700.52500,2026-05-12 09:36:00,4698.88400,SELL,0.13,21.33,0.0349,1.0
2026-05-12 09:41:00,4700.21500,2026-05-12 09:42:00,4701.06800,SELL,0.14,-11.94,-0.0181,1.0
2026-05-12 09:47:00,4698.33600,2026-05-12 09:48:00,4699.83600,SELL,0.13,-19.50,-0.0319,1.0
2026-05-12 09:54:00,4697.22800,2026-05-12 09:55:00,4697.35500,SELL,0.13,-1.65,-0.0027,1.0
2026-05-12 10:15:00,4702.54900,2026-05-12 10:16:00,4699.54900,SELL,0.13,39.00,0.0638,1.0
2026-05-12 10:22:00,4701.28100,2026-05-12 10:23:00,4701.52500,SELL,0.14,-3.42,-0.0052,1.0
2026-05-12 10:29:00,4700.26500,2026-05-12 10:30:00,4697.26500,SELL,0.14,42.00,0.0638,1.0
2026-05-12 10:35:00,4694.65000,2026-05-12 10:36:00,4691.65000,SELL,0.15,45.00,0.0639,1.0
2026-05-12 10:41:00,4691.76600,2026-05-12 10:42:00,4689.75100,SELL,0.17,34.25,0.0429,1.0
2026-05-12 10:47:00,4690.49900,2026-05-12 10:50:00,4691.99900,SELL,0.18,-27.00,-0.0320,3.0
2026-05-12 10:56:00,4692.38800,2026-05-12 10:57:00,4692.35600,BUY,0.17,-0.54,-0.0007,1.0
2026-05-12 11:15:00,4694.69600,2026-05-12 11:16:00,4694.60200,BUY,0.17,-1.60,-0.0020,1.0
2026-05-12 11:21:00,4696.02100,2026-05-12 11:22:00,4696.08400,BUY,0.17,1.07,0.0013,1.0
2026-05-12 11:27:00,4695.93200,2026-05-12 11:28:00,4698.93200,BUY,0.17,51.00,0.0639,1.0
2026-05-12 11:35:00,4702.42900,2026-05-12 11:36:00,4700.92900,BUY,0.19,-28.50,-0.0319,1.0
2026-05-12 11:41:00,4704.13300,2026-05-12 11:42:00,4703.99100,BUY,0.18,-2.56,-0.0030,1.0
2026-05-12 11:47:00,4703.51800,2026-05-12 11:48:00,4704.93500,BUY,0.18,25.51,0.0301,1.0
2026-05-12 11:54:00,4707.42500,2026-05-12 11:55:00,4707.44700,BUY,0.18,0.40,0.0005,1.0
2026-05-12 12:20:00,4706.08700,2026-05-12 12:21:00,4704.58700,BUY,0.18,-27.00,-0.0319,1.0
2026-05-12 12:26:00,4697.62900,2026-05-12 12:27:00,4696.65200,SELL,0.18,17.59,0.0208,1.0
2026-05-12 12:32:00,4692.65500,2026-05-12 12:33:00,4694.15500,SELL,0.18,-27.00,-0.0320,1.0
2026-05-12 12:48:00,4706.63200,2026-05-12 12:49:00,4705.13200,BUY,0.17,-25.50,-0.0319,1.0
2026-05-12 12:54:00,4709.42900,2026-05-12 12:55:00,4707.92900,BUY,0.16,-24.00,-0.0319,1.0
2026-05-12 13:02:00,4705.43600,2026-05-12 13:03:00,4702.43600,SELL,0.16,48.00,0.0638,1.0
2026-05-12 13:08:00,4694.93500,2026-05-12 13:09:00,4695.50700,SELL,0.17,-9.72,-0.0122,1.0
2026-05-12 13:14:00,4688.74000,2026-05-12 13:15:00,4685.74000,SELL,0.17,51.00,0.0640,1.0
2026-05-12 13:20:00,4686.44400,2026-05-12 13:21:00,4687.94400,SELL,0.19,-28.50,-0.0320,1.0
2026-05-12 13:32:00,4688.01600,2026-05-12 13:33:00,4689.51600,SELL,0.18,-27.00,-0.0320,1.0
2026-05-12 13:46:00,4696.15000,2026-05-12 13:47:00,4697.65000,SELL,0.17,-25.50,-0.0319,1.0
2026-05-12 13:52:00,4689.52900,2026-05-12 13:53:00,4691.02900,SELL,0.16,-24.00,-0.0320,1.0
2026-05-12 13:58:00,4679.91500,2026-05-12 13:59:00,4676.91500,SELL,0.15,45.00,0.0641,1.0
2026-05-12 14:11:00,4688.92200,2026-05-12 14:12:00,4690.42200,SELL,0.17,-25.50,-0.0320,1.0
2026-05-12 14:17:00,4688.96300,2026-05-12 14:18:00,4690.46300,SELL,0.16,-24.00,-0.0320,1.0
2026-05-12 14:23:00,4688.33600,2026-05-12 14:24:00,4687.61100,SELL,0.15,10.88,0.0155,1.0
2026-05-12 14:29:00,4683.31500,2026-05-12 14:30:00,4680.31500,SELL,0.15,45.00,0.0641,1.0
2026-05-12 14:35:00,4679.55500,2026-05-12 14:36:00,4681.05500,SELL,0.17,-25.50,-0.0321,1.0
2026-05-12 14:45:00,4682.67900,2026-05-12 14:46:00,4681.50700,SELL,0.16,18.75,0.0250,1.0
2026-05-12 14:51:00,4675.22400,2026-05-12 14:52:00,4675.08500,SELL,0.17,2.36,0.0030,1.0
2026-05-12 14:57:00,4671.65500,2026-05-12 14:58:00,4673.15500,SELL,0.17,-25.50,-0.0321,1.0
2026-05-12 15:03:00,4669.47000,2026-05-12 15:04:00,4669.53600,SELL,0.16,-1.06,-0.0014,1.0
2026-05-12 15:09:00,4672.59900,2026-05-12 15:10:00,4669.59900,SELL,0.16,48.00,0.0642,1.0
2026-05-12 15:15:00,4665.62600,2026-05-12 15:16:00,4664.80600,SELL,0.17,13.94,0.0176,1.0
2026-05-12 15:21:00,4656.43800,2026-05-12 15:22:00,4653.43800,SELL,0.18,54.00,0.0644,1.0
2026-05-12 15:27:00,4652.16400,2026-05-12 15:28:00,4653.66400,SELL,0.2,-30.00,-0.0322,1.0
2026-05-12 15:37:00,4663.91100,2026-05-12 15:38:00,4665.78200,BUY,0.19,35.55,0.0401,1.0
2026-05-12 15:43:00,4664.70100,2026-05-12 15:44:00,4665.42000,BUY,0.2,14.38,0.0154,1.0
2026-05-12 15:54:00,4668.18200,2026-05-12 15:55:00,4668.31100,BUY,0.2,2.58,0.0028,1.0
2026-05-12 16:00:00,4669.27800,2026-05-12 16:01:00,4670.31800,BUY,0.2,20.80,0.0223,1.0
2026-05-12 16:07:00,4670.00900,2026-05-12 16:08:00,4668.50900,BUY,0.21,-31.50,-0.0321,1.0
2026-05-12 16:13:00,4672.70000,2026-05-12 16:14:00,4671.95900,BUY,0.2,-14.82,-0.0159,1.0
2026-05-12 16:20:00,4672.41200,2026-05-12 16:21:00,4670.91200,BUY,0.19,-28.50,-0.0321,1.0
2026-05-12 16:26:00,4666.87300,2026-05-12 16:27:00,4668.37300,SELL,0.19,-28.50,-0.0321,1.0
2026-05-12 16:32:00,4667.84300,2026-05-12 16:33:00,4667.00600,SELL,0.18,15.07,0.0179,1.0
2026-05-12 16:46:00,4668.83800,2026-05-12 16:47:00,4667.42300,SELL,0.18,25.47,0.0303,1.0
2026-05-12 17:11:00,4676.63700,2026-05-12 17:12:00,4675.56400,SELL,0.19,20.39,0.0229,1.0
2026-05-12 17:30:00,4679.74700,2026-05-12 17:31:00,4678.01400,SELL,0.2,34.66,0.0370,1.0
2026-05-12 17:36:00,4677.50500,2026-05-12 17:37:00,4676.59600,SELL,0.21,19.09,0.0194,1.0
2026-05-12 17:48:00,4678.92000,2026-05-12 17:58:00,4678.37600,SELL,0.21,11.42,0.0116,10.0
2026-05-12 18:04:00,4678.52400,2026-05-12 18:05:00,4679.43600,SELL,0.22,-20.06,-0.0195,1.0
2026-05-12 18:10:00,4680.35000,2026-05-12 18:11:00,4678.69800,SELL,0.21,34.69,0.0353,1.0
2026-05-12 18:46:00,4692.49200,2026-05-12 18:48:00,4691.99800,SELL,0.22,10.87,0.0105,2.0
2026-05-12 20:04:00,4713.78800,2026-05-12 20:05:00,4712.63200,SELL,0.23,26.59,0.0245,1.0
2026-05-12 20:10:00,4713.73400,2026-05-12 20:11:00,4713.11000,SELL,0.24,14.98,0.0132,1.0
2026-05-12 20:21:00,4712.95800,2026-05-12 20:22:00,4712.86300,SELL,0.24,2.28,0.0020,1.0
2026-05-12 20:27:00,4712.88100,2026-05-12 20:28:00,4713.16800,SELL,0.24,-6.89,-0.0061,1.0
2026-05-12 20:35:00,4713.27600,2026-05-12 20:36:00,4714.77600,SELL,0.24,-36.00,-0.0318,1.0
2026-05-12 20:41:00,4712.46000,2026-05-12 20:42:00,4713.96000,SELL,0.23,-34.50,-0.0318,1.0
2026-05-12 20:47:00,4714.16300,2026-05-12 20:48:00,4715.66300,SELL,0.22,-33.00,-0.0318,1.0
2026-05-12 20:53:00,4714.08100,2026-05-12 20:54:00,4713.73500,SELL,0.2,6.92,0.0073,1.0
2026-05-12 22:08:00,4715.30300,2026-05-12 22:09:00,4712.30300,SELL,0.21,63.00,0.0636,1.0
2026-05-12 22:14:00,4714.68300,2026-05-12 22:15:00,4715.28200,SELL,0.23,-13.78,-0.0127,1.0
2026-05-12 22:26:00,4715.22600,2026-05-12 22:27:00,4715.29700,SELL,0.22,-1.56,-0.0015,1.0
2026-05-12 22:42:00,4716.04300,2026-05-12 22:43:00,4715.85300,SELL,0.22,4.18,0.0040,1.0
2026-05-12 22:48:00,4717.02300,2026-05-12 22:49:00,4717.16100,SELL,0.22,-3.04,-0.0029,1.0
2026-05-12 22:58:00,4717.34400,2026-05-12 22:59:00,4717.05600,SELL,0.22,6.34,0.0061,1.0
2026-05-12 23:13:00,4718.18200,2026-05-12 23:14:00,4717.80800,SELL,0.22,8.23,0.0079,1.0
2026-05-12 23:19:00,4717.51200,2026-05-12 23:20:00,4718.06300,SELL,0.23,-12.67,-0.0117,1.0
2026-05-12 23:34:00,4719.22700,2026-05-12 23:35:00,4716.70600,SELL,0.22,55.46,0.0534,1.0
2026-05-12 23:41:00,4719.34400,2026-05-12 23:42:00,4719.78900,SELL,0.24,-10.68,-0.0094,1.0
2026-05-12 23:48:00,4715.42000,2026-05-12 23:49:00,4716.92000,SELL,0.24,-36.00,-0.0318,1.0
2026-05-12 23:54:00,4717.61300,2026-05-12 23:55:00,4715.98200,SELL,0.23,37.51,0.0346,1.0
2026-05-13 00:01:00,4715.68500,2026-05-13 00:02:00,4717.18500,SELL,0.24,-36.00,-0.0318,1.0
2026-05-13 00:12:00,4722.28600,2026-05-13 00:13:00,4721.79900,SELL,0.23,11.20,0.0103,1.0
2026-05-13 00:29:00,4722.54700,2026-05-13 00:30:00,4722.72800,SELL,0.23,-4.16,-0.0038,1.0
2026-05-13 00:35:00,4720.17400,2026-05-13 00:36:00,4717.17400,SELL,0.23,69.00,0.0636,1.0
2026-05-13 00:44:00,4720.45900,2026-05-13 00:45:00,4717.45900,SELL,0.25,75.00,0.0636,1.0
2026-05-13 00:50:00,4717.19800,2026-05-13 00:51:00,4718.69800,SELL,0.28,-42.00,-0.0318,1.0
2026-05-13 00:56:00,4717.33800,2026-05-13 00:57:00,4717.15500,SELL,0.26,4.76,0.0039,1.0
2026-05-13 01:02:00,4713.11500,2026-05-13 01:03:00,4711.89100,SELL,0.26,31.82,0.0260,1.0
2026-05-13 01:08:00,4711.58100,2026-05-13 01:09:00,4713.08100,SELL,0.28,-42.00,-0.0318,1.0
2026-05-13 01:14:00,4709.78000,2026-05-13 01:15:00,4708.12900,SELL,0.26,42.93,0.0351,1.0
2026-05-13 01:20:00,4705.54500,2026-05-13 01:21:00,4707.04500,SELL,0.28,-42.00,-0.0319,1.0
2026-05-13 01:26:00,4705.75100,2026-05-13 01:27:00,4704.61700,SELL,0.26,29.48,0.0241,1.0
2026-05-13 01:32:00,4704.78500,2026-05-13 01:33:00,4703.79600,SELL,0.27,26.70,0.0210,1.0
2026-05-13 01:52:00,4706.78800,2026-05-13 01:53:00,4707.11500,SELL,0.28,-9.16,-0.0069,1.0
2026-05-13 01:58:00,4701.04000,2026-05-13 01:59:00,4702.54000,SELL,0.28,-42.00,-0.0319,1.0
2026-05-13 02:07:00,4700.66200,2026-05-13 02:08:00,4700.54500,SELL,0.26,3.04,0.0025,1.0
2026-05-13 02:13:00,4702.46300,2026-05-13 02:14:00,4701.56700,SELL,0.26,23.30,0.0191,1.0
2026-05-13 02:21:00,4701.23000,2026-05-13 02:22:00,4702.73000,SELL,0.27,-40.50,-0.0319,1.0
2026-05-13 02:27:00,4700.10300,2026-05-13 02:28:00,4699.48600,SELL,0.26,16.04,0.0131,1.0
2026-05-13 02:33:00,4696.60500,2026-05-13 02:34:00,4696.25900,SELL,0.26,9.00,0.0074,1.0
2026-05-13 02:39:00,4694.98400,2026-05-13 02:40:00,4696.48400,SELL,0.27,-40.50,-0.0319,1.0
2026-05-13 02:45:00,4694.08800,2026-05-13 02:46:00,4693.14900,SELL,0.25,23.47,0.0200,1.0
2026-05-13 02:51:00,4693.62900,2026-05-13 02:52:00,4692.57900,SELL,0.26,27.30,0.0224,1.0
2026-05-13 02:57:00,4691.50100,2026-05-13 02:58:00,4693.00100,SELL,0.27,-40.50,-0.0320,1.0
2026-05-13 03:03:00,4689.83200,2026-05-13 03:04:00,4691.33200,SELL,0.26,-39.00,-0.0320,1.0
2026-05-13 03:09:00,4689.67000,2026-05-13 03:10:00,4691.17000,SELL,0.24,-36.00,-0.0320,1.0
2026-05-13 03:15:00,4693.47700,2026-05-13 03:16:00,4692.90600,BUY,0.23,-13.13,-0.0122,1.0
2026-05-13 03:21:00,4695.39100,2026-05-13 03:22:00,4693.89100,BUY,0.23,-34.50,-0.0319,1.0
2026-05-13 03:27:00,4698.07000,2026-05-13 03:28:00,4699.64400,BUY,0.22,34.63,0.0335,1.0
2026-05-13 03:33:00,4703.60500,2026-05-13 03:34:00,4703.43500,BUY,0.23,-3.91,-0.0036,1.0
2026-05-13 03:39:00,4704.29100,2026-05-13 03:40:00,4704.63500,BUY,0.23,7.91,0.0073,1.0
2026-05-13 04:11:00,4697.66300,2026-05-13 04:12:00,4697.74000,BUY,0.23,1.77,0.0016,1.0
2026-05-13 04:17:00,4700.28700,2026-05-13 04:18:00,4701.01700,BUY,0.23,16.79,0.0155,1.0
2026-05-13 04:23:00,4702.91100,2026-05-13 04:24:00,4701.41100,BUY,0.23,-34.50,-0.0319,1.0
2026-05-13 04:31:00,4702.41800,2026-05-13 04:33:00,4700.91800,BUY,0.22,-33.00,-0.0319,2.0
2026-05-13 04:38:00,4699.19200,2026-05-13 04:39:00,4700.69200,SELL,0.21,-31.50,-0.0319,1.0
2026-05-13 04:46:00,4699.01300,2026-05-13 04:48:00,4700.51300,SELL,0.2,-30.00,-0.0319,2.0
2026-05-13 04:54:00,4701.29200,2026-05-13 04:55:00,4700.78400,BUY,0.19,-9.65,-0.0108,1.0
2026-05-13 05:00:00,4700.25500,2026-05-13 05:01:00,4700.42000,BUY,0.19,3.13,0.0035,1.0
2026-05-13 05:06:00,4705.28700,2026-05-13 05:07:00,4705.18100,BUY,0.19,-2.01,-0.0023,1.0
2026-05-13 05:12:00,4705.58200,2026-05-13 05:14:00,4704.08200,BUY,0.19,-28.50,-0.0319,2.0
2026-05-13 05:19:00,4701.32600,2026-05-13 05:20:00,4701.74700,SELL,0.18,-7.58,-0.0090,1.0
2026-05-13 05:25:00,4698.25500,2026-05-13 05:26:00,4699.75500,SELL,0.18,-27.00,-0.0319,1.0
2026-05-13 05:31:00,4697.27100,2026-05-13 05:32:00,4696.65900,SELL,0.17,10.40,0.0130,1.0
2026-05-13 05:42:00,4699.24600,2026-05-13 05:43:00,4698.58200,SELL,0.17,11.29,0.0141,1.0
2026-05-13 05:48:00,4699.43300,2026-05-13 05:49:00,4698.28800,SELL,0.18,20.61,0.0244,1.0
2026-05-13 06:21:00,4709.00100,2026-05-13 06:22:00,4709.29700,SELL,0.18,-5.33,-0.0063,1.0
2026-05-13 06:27:00,4707.42000,2026-05-13 06:28:00,4708.92000,SELL,0.18,-27.00,-0.0319,1.0
2026-05-13 06:35:00,4710.82900,2026-05-13 06:36:00,4711.03000,BUY,0.17,3.42,0.0043,1.0
2026-05-13 06:41:00,4712.24900,2026-05-13 06:42:00,4711.17500,BUY,0.17,-18.26,-0.0228,1.0
2026-05-13 07:15:00,4705.83200,2026-05-13 07:16:00,4704.33200,BUY,0.17,-25.50,-0.0319,1.0
2026-05-13 07:21:00,4706.91100,2026-05-13 07:22:00,4705.41100,BUY,0.16,-24.00,-0.0319,1.0
2026-05-13 07:27:00,4707.46100,2026-05-13 07:28:00,4707.50800,BUY,0.15,0.70,0.0010,1.0
2026-05-13 08:00:00,4703.43100,2026-05-13 08:02:00,4703.73000,BUY,0.15,4.48,0.0064,2.0
2026-05-13 08:20:00,4700.85100,2026-05-13 08:21:00,4699.35100,BUY,0.15,-22.50,-0.0319,1.0
2026-05-13 08:26:00,4696.33000,2026-05-13 08:27:00,4695.95900,SELL,0.14,5.19,0.0079,1.0
2026-05-13 08:32:00,4696.41300,2026-05-13 08:33:00,4696.89400,SELL,0.15,-7.22,-0.0102,1.0
2026-05-13 08:41:00,4696.72500,2026-05-13 08:43:00,4695.38500,SELL,0.14,18.76,0.0285,2.0
2026-05-13 09:01:00,4698.43800,2026-05-13 09:02:00,4699.93800,SELL,0.15,-22.50,-0.0319,1.0
2026-05-13 09:07:00,4698.60400,2026-05-13 09:08:00,4699.28600,SELL,0.14,-9.55,-0.0145,1.0
2026-05-13 09:13:00,4696.49700,2026-05-13 09:14:00,4693.49700,SELL,0.14,42.00,0.0639,1.0
2026-05-13 09:19:00,4690.78800,2026-05-13 09:20:00,4692.28800,SELL,0.15,-22.50,-0.0320,1.0
2026-05-13 09:25:00,4687.63900,2026-05-13 09:26:00,4689.13900,SELL,0.15,-22.50,-0.0320,1.0
2026-05-13 09:31:00,4687.59700,2026-05-13 09:32:00,4689.09700,SELL,0.14,-21.00,-0.0320,1.0
2026-05-13 09:38:00,4691.00700,2026-05-13 09:39:00,4690.99300,BUY,0.13,-0.18,-0.0003,1.0
2026-05-13 09:44:00,4693.92100,2026-05-13 09:45:00,4694.37200,BUY,0.13,5.86,0.0096,1.0
2026-05-13 09:50:00,4697.30500,2026-05-13 09:51:00,4697.71600,BUY,0.13,5.34,0.0087,1.0
2026-05-13 09:56:00,4699.56300,2026-05-13 09:57:00,4698.97600,BUY,0.13,-7.63,-0.0125,1.0
2026-05-13 10:02:00,4700.50000,2026-05-13 10:03:00,4699.42700,BUY,0.13,-13.95,-0.0228,1.0
2026-05-13 10:08:00,4706.87400,2026-05-13 10:09:00,4709.87400,BUY,0.13,39.00,0.0637,1.0
2026-05-13 10:17:00,4701.69900,2026-05-13 10:18:00,4702.00300,SELL,0.14,-4.26,-0.0065,1.0
2026-05-13 10:26:00,4700.67100,2026-05-13 10:27:00,4700.28300,SELL,0.14,5.43,0.0083,1.0
2026-05-13 10:32:00,4697.65300,2026-05-13 10:33:00,4696.26600,SELL,0.14,19.42,0.0295,1.0
2026-05-13 10:38:00,4695.54600,2026-05-13 10:39:00,4696.09900,SELL,0.15,-8.29,-0.0118,1.0
2026-05-13 10:44:00,4695.55300,2026-05-13 10:45:00,4694.77900,SELL,0.14,10.84,0.0165,1.0
2026-05-13 10:51:00,4695.13100,2026-05-13 10:53:00,4695.36900,SELL,0.15,-3.57,-0.0051,2.0
2026-05-13 10:58:00,4693.91600,2026-05-13 10:59:00,4694.09300,SELL,0.15,-2.65,-0.0038,1.0
2026-05-13 11:04:00,4693.29200,2026-05-13 11:05:00,4692.32300,SELL,0.15,14.54,0.0206,1.0
2026-05-13 11:25:00,4697.93600,2026-05-13 11:26:00,4699.43600,SELL,0.15,-22.50,-0.0319,1.0
2026-05-13 11:32:00,4699.63600,2026-05-13 11:33:00,4702.63600,BUY,0.14,42.00,0.0638,1.0
2026-05-13 11:38:00,4702.84700,2026-05-13 11:39:00,4704.60600,BUY,0.16,28.14,0.0374,1.0
2026-05-13 11:45:00,4704.63500,2026-05-13 11:46:00,4704.98000,BUY,0.17,5.86,0.0073,1.0
2026-05-13 13:00:00,4688.25600,2026-05-13 13:01:00,4687.56100,BUY,0.17,-11.82,-0.0148,1.0
2026-05-13 13:06:00,4688.10700,2026-05-13 13:07:00,4688.10300,BUY,0.17,-0.07,-0.0001,1.0
2026-05-13 13:12:00,4688.57300,2026-05-13 13:13:00,4687.07300,BUY,0.16,-24.00,-0.0320,1.0
2026-05-13 13:18:00,4691.66000,2026-05-13 13:19:00,4691.99100,BUY,0.16,5.30,0.0071,1.0
2026-05-13 13:24:00,4693.78200,2026-05-13 13:25:00,4692.28200,BUY,0.16,-24.00,-0.0320,1.0
2026-05-13 13:30:00,4688.60900,2026-05-13 13:31:00,4685.60900,SELL,0.15,45.00,0.0640,1.0
2026-05-13 13:36:00,4678.75100,2026-05-13 13:37:00,4677.93400,SELL,0.17,13.89,0.0175,1.0
2026-05-13 13:42:00,4681.30800,2026-05-13 13:43:00,4682.80800,SELL,0.17,-25.50,-0.0320,1.0
2026-05-13 13:48:00,4670.93700,2026-05-13 13:49:00,4672.43700,SELL,0.16,-24.00,-0.0321,1.0
2026-05-13 14:00:00,4675.35800,2026-05-13 14:01:00,4675.86000,SELL,0.15,-7.53,-0.0107,1.0
2026-05-13 14:06:00,4675.07500,2026-05-13 14:07:00,4676.57500,SELL,0.15,-22.50,-0.0321,1.0
2026-05-13 14:14:00,4681.05700,2026-05-13 14:15:00,4681.27800,BUY,0.14,3.09,0.0047,1.0
2026-05-13 14:31:00,4688.16800,2026-05-13 14:32:00,4688.25600,BUY,0.14,1.23,0.0019,1.0
2026-05-13 14:37:00,4686.43600,2026-05-13 14:38:00,4686.59200,BUY,0.15,2.34,0.0033,1.0
2026-05-13 15:00:00,4680.94500,2026-05-13 15:02:00,4683.94500,BUY,0.15,45.00,0.0641,2.0
2026-05-13 15:07:00,4685.78700,2026-05-13 15:08:00,4687.57700,BUY,0.16,28.64,0.0382,1.0
2026-05-13 15:13:00,4688.56900,2026-05-13 15:14:00,4687.06900,BUY,0.17,-25.50,-0.0320,1.0
2026-05-13 15:21:00,4686.59200,2026-05-13 15:22:00,4688.09200,SELL,0.16,-24.00,-0.0320,1.0
2026-05-13 15:28:00,4689.81900,2026-05-13 15:29:00,4691.07400,BUY,0.15,18.82,0.0268,1.0
2026-05-13 15:34:00,4695.03700,2026-05-13 15:35:00,4695.33200,BUY,0.16,4.72,0.0063,1.0
2026-05-13 15:40:00,4697.95000,2026-05-13 15:41:00,4698.14900,BUY,0.16,3.18,0.0042,1.0
2026-05-13 15:46:00,4698.70500,2026-05-13 15:47:00,4699.33900,BUY,0.16,10.14,0.0135,1.0
2026-05-13 16:02:00,4698.77200,2026-05-13 16:05:00,4697.27200,BUY,0.17,-25.50,-0.0319,3.0
2026-05-13 16:10:00,4701.36900,2026-05-13 16:11:00,4699.86900,BUY,0.16,-24.00,-0.0319,1.0
2026-05-13 16:16:00,4702.05000,2026-05-13 16:17:00,4700.55000,BUY,0.15,-22.50,-0.0319,1.0
2026-05-13 16:22:00,4701.88100,2026-05-13 16:23:00,4703.10100,BUY,0.14,17.08,0.0259,1.0
2026-05-13 16:28:00,4709.46600,2026-05-13 16:29:00,4707.96600,BUY,0.15,-22.50,-0.0319,1.0
2026-05-13 16:34:00,4703.86400,2026-05-13 16:35:00,4703.58000,SELL,0.14,3.98,0.0060,1.0
2026-05-13 16:40:00,4700.94700,2026-05-13 16:41:00,4700.95000,SELL,0.14,-0.04,-0.0001,1.0
2026-05-13 16:46:00,4699.29300,2026-05-13 16:47:00,4700.79300,SELL,0.14,-21.00,-0.0319,1.0
2026-05-13 16:52:00,4697.76700,2026-05-13 16:53:00,4696.04200,SELL,0.13,22.42,0.0367,1.0
2026-05-13 16:58:00,4696.46800,2026-05-13 16:59:00,4695.73200,SELL,0.14,10.30,0.0157,1.0
2026-05-13 17:04:00,4696.83900,2026-05-13 17:05:00,4698.33900,SELL,0.15,-22.50,-0.0319,1.0
2026-05-13 17:10:00,4699.35400,2026-05-13 17:11:00,4698.45000,BUY,0.14,-12.66,-0.0192,1.0
2026-05-13 17:19:00,4699.59800,2026-05-13 17:21:00,4700.53000,BUY,0.13,12.12,0.0198,2.0
2026-05-13 18:08:00,4690.92800,2026-05-13 18:10:00,4691.13700,BUY,0.14,2.93,0.0045,2.0
2026-05-13 18:15:00,4693.59900,2026-05-13 18:16:00,4692.09900,BUY,0.14,-21.00,-0.0320,1.0
2026-05-13 18:21:00,4688.97900,2026-05-13 18:22:00,4689.30900,SELL,0.13,-4.29,-0.0070,1.0
2026-05-13 18:33:00,4690.47800,2026-05-13 18:34:00,4690.97100,SELL,0.13,-6.41,-0.0105,1.0
2026-05-13 18:39:00,4689.79200,2026-05-13 18:41:00,4691.29200,SELL,0.13,-19.50,-0.0320,2.0
2026-05-13 18:46:00,4682.47200,2026-05-13 18:47:00,4679.47200,SELL,0.12,36.00,0.0641,1.0
2026-05-13 19:01:00,4685.15900,2026-05-13 19:05:00,4683.65900,BUY,0.13,-19.50,-0.0320,4.0
2026-05-13 19:12:00,4686.22100,2026-05-13 19:13:00,4686.32800,BUY,0.13,1.39,0.0023,1.0
2026-05-13 19:18:00,4690.10500,2026-05-13 19:19:00,4688.60500,BUY,0.13,-19.50,-0.0320,1.0
2026-05-13 19:28:00,4686.97900,2026-05-13 19:29:00,4687.28000,SELL,0.12,-3.61,-0.0064,1.0
2026-05-13 19:34:00,4685.32300,2026-05-13 19:35:00,4685.36600,SELL,0.12,-0.52,-0.0009,1.0
2026-05-13 19:50:00,4687.41900,2026-05-13 19:51:00,4687.72100,SELL,0.12,-3.62,-0.0064,1.0
2026-05-13 19:56:00,4686.79800,2026-05-13 19:58:00,4688.29800,SELL,0.12,-18.00,-0.0320,2.0
2026-05-13 20:06:00,4688.19800,2026-05-13 20:08:00,4688.87300,BUY,0.11,7.42,0.0144,2.0
2026-05-13 20:13:00,4690.65800,2026-05-13 20:14:00,4691.05300,BUY,0.12,4.74,0.0084,1.0
2026-05-13 20:19:00,4690.82600,2026-05-13 20:20:00,4691.19400,BUY,0.12,4.42,0.0078,1.0
2026-05-13 20:25:00,4692.81500,2026-05-13 20:26:00,4693.16400,BUY,0.12,4.19,0.0074,1.0
2026-05-13 22:00:00,4692.45000,2026-05-13 22:01:00,4690.95000,BUY,0.12,-18.00,-0.0320,1.0
2026-05-13 22:06:00,4692.45900,2026-05-13 22:07:00,4692.77000,BUY,0.11,3.42,0.0066,1.0
2026-05-13 22:16:00,4695.26900,2026-05-13 22:18:00,4693.76900,BUY,0.12,-18.00,-0.0319,2.0
2026-05-13 22:23:00,4694.74100,2026-05-13 22:24:00,4695.59100,BUY,0.11,9.35,0.0181,1.0
2026-05-13 22:29:00,4696.90000,2026-05-13 22:30:00,4697.73100,BUY,0.11,9.14,0.0177,1.0
2026-05-13 22:36:00,4698.20900,2026-05-13 22:37:00,4698.02000,BUY,0.12,-2.27,-0.0040,1.0
2026-05-13 22:42:00,4699.33500,2026-05-13 22:43:00,4700.01000,BUY,0.11,7.43,0.0144,1.0
2026-05-13 22:51:00,4699.12500,2026-05-13 22:52:00,4700.24200,BUY,0.12,13.40,0.0238,1.0
2026-05-13 22:58:00,4699.92700,2026-05-13 22:59:00,4700.21500,BUY,0.12,3.46,0.0061,1.0
2026-05-13 23:06:00,4700.55100,2026-05-13 23:07:00,4700.66400,BUY,0.12,1.36,0.0024,1.0
2026-05-13 23:12:00,4701.83300,2026-05-13 23:13:00,4701.57100,BUY,0.12,-3.14,-0.0056,1.0
2026-05-13 23:58:00,4696.79900,2026-05-13 23:59:00,4696.68900,BUY,0.12,-1.32,-0.0023,1.0
2026-05-14 00:17:00,4704.85900,2026-05-14 00:18:00,4703.35900,BUY,0.12,-18.00,-0.0319,1.0
2026-05-14 00:24:00,4701.75400,2026-05-14 00:25:00,4700.25400,BUY,0.12,-18.00,-0.0319,1.0
2026-05-14 00:32:00,4698.30500,2026-05-14 00:33:00,4699.07900,SELL,0.11,-8.51,-0.0165,1.0
2026-05-14 00:38:00,4696.28400,2026-05-14 00:39:00,4695.69200,SELL,0.11,6.51,0.0126,1.0
2026-05-14 00:53:00,4699.94400,2026-05-14 00:55:00,4701.44400,SELL,0.11,-16.50,-0.0319,2.0
2026-05-14 01:00:00,4704.52500,2026-05-14 01:01:00,4703.02500,BUY,0.1,-15.00,-0.0319,1.0
2026-05-14 01:06:00,4689.71400,2026-05-14 01:07:00,4688.66400,SELL,0.1,10.50,0.0224,1.0
2026-05-14 01:12:00,4691.40200,2026-05-14 01:13:00,4688.40200,SELL,0.1,30.00,0.0639,1.0
2026-05-14 01:19:00,4689.00400,2026-05-14 01:20:00,4690.50400,SELL,0.11,-16.50,-0.0320,1.0
2026-05-14 01:25:00,4692.55400,2026-05-14 01:26:00,4692.22800,SELL,0.11,3.59,0.0069,1.0
2026-05-14 01:31:00,4690.96900,2026-05-14 01:32:00,4691.42400,SELL,0.11,-5.00,-0.0097,1.0
2026-05-14 01:37:00,4691.37900,2026-05-14 01:38:00,4688.37900,SELL,0.11,33.00,0.0639,1.0
2026-05-14 01:43:00,4687.71900,2026-05-14 01:44:00,4688.61700,SELL,0.12,-10.78,-0.0192,1.0
2026-05-14 01:52:00,4685.10800,2026-05-14 01:53:00,4686.60800,SELL,0.11,-16.50,-0.0320,1.0
2026-05-14 01:58:00,4685.70700,2026-05-14 01:59:00,4687.20700,SELL,0.11,-16.50,-0.0320,1.0
2026-05-14 02:06:00,4691.73400,2026-05-14 02:08:00,4690.23400,BUY,0.1,-15.00,-0.0320,2.0
2026-05-14 02:13:00,4687.80100,2026-05-14 02:14:00,4688.43400,SELL,0.1,-6.33,-0.0135,1.0
2026-05-14 02:39:00,4695.02900,2026-05-14 02:40:00,4692.73800,SELL,0.1,22.91,0.0488,1.0
2026-05-14 02:45:00,4693.07700,2026-05-14 02:46:00,4691.34500,SELL,0.1,17.32,0.0369,1.0
2026-05-14 02:51:00,4684.47800,2026-05-14 02:52:00,4684.82900,SELL,0.11,-3.86,-0.0075,1.0
2026-05-14 03:06:00,4685.07300,2026-05-14 03:07:00,4683.35300,SELL,0.11,18.92,0.0367,1.0
2026-05-14 03:12:00,4683.48000,2026-05-14 03:13:00,4683.56400,SELL,0.11,-0.92,-0.0018,1.0
2026-05-14 03:19:00,4682.96800,2026-05-14 03:20:00,4684.46800,SELL,0.11,-16.50,-0.0320,1.0
2026-05-14 03:25:00,4688.50100,2026-05-14 03:26:00,4691.50100,BUY,0.11,33.00,0.0640,1.0
2026-05-14 03:31:00,4687.67300,2026-05-14 03:32:00,4686.58400,SELL,0.12,13.07,0.0232,1.0
2026-05-14 03:37:00,4684.71800,2026-05-14 03:38:00,4681.71800,SELL,0.12,36.00,0.0640,1.0
2026-05-14 03:43:00,4677.35400,2026-05-14 03:44:00,4676.42000,SELL,0.14,13.08,0.0200,1.0
2026-05-14 03:49:00,4676.95800,2026-05-14 03:50:00,4675.97100,SELL,0.14,13.82,0.0211,1.0
2026-05-14 03:55:00,4675.36800,2026-05-14 03:56:00,4675.88500,SELL,0.14,-7.24,-0.0111,1.0
2026-05-14 04:01:00,4672.36100,2026-05-14 04:02:00,4673.86100,SELL,0.14,-21.00,-0.0321,1.0
2026-05-14 04:07:00,4678.24000,2026-05-14 04:08:00,4679.06500,BUY,0.13,10.72,0.0176,1.0
2026-05-14 04:13:00,4680.70100,2026-05-14 04:14:00,4682.02300,BUY,0.14,18.51,0.0282,1.0
2026-05-14 04:19:00,4683.16300,2026-05-14 04:20:00,4684.62800,BUY,0.14,20.51,0.0313,1.0
2026-05-14 04:25:00,4697.96300,2026-05-14 04:26:00,4700.96300,BUY,0.15,45.00,0.0639,1.0
2026-05-14 04:33:00,4708.00100,2026-05-14 04:34:00,4709.02000,BUY,0.17,17.32,0.0216,1.0
2026-05-14 04:39:00,4707.44800,2026-05-14 04:40:00,4705.94800,BUY,0.17,-25.50,-0.0319,1.0
2026-05-14 04:45:00,4703.67000,2026-05-14 04:46:00,4704.53000,SELL,0.16,-13.76,-0.0183,1.0
2026-05-14 04:51:00,4704.08500,2026-05-14 04:52:00,4704.24000,SELL,0.16,-2.48,-0.0033,1.0
2026-05-14 04:57:00,4703.19700,2026-05-14 04:58:00,4703.13300,SELL,0.16,1.02,0.0014,1.0
2026-05-14 05:03:00,4700.32200,2026-05-14 05:04:00,4701.82200,SELL,0.16,-24.00,-0.0319,1.0
2026-05-14 05:09:00,4701.62400,2026-05-14 05:10:00,4703.12400,SELL,0.15,-22.50,-0.0319,1.0
2026-05-14 05:15:00,4699.01900,2026-05-14 05:16:00,4699.69800,SELL,0.14,-9.51,-0.0144,1.0
2026-05-14 05:21:00,4697.78800,2026-05-14 05:22:00,4697.65000,SELL,0.14,1.93,0.0029,1.0
2026-05-14 05:27:00,4693.68000,2026-05-14 05:28:00,4693.80500,SELL,0.14,-1.75,-0.0027,1.0
2026-05-14 05:44:00,4697.39400,2026-05-14 05:45:00,4698.89400,SELL,0.14,-21.00,-0.0319,1.0
2026-05-14 05:50:00,4700.62500,2026-05-14 05:51:00,4699.12500,BUY,0.13,-19.50,-0.0319,1.0
2026-05-14 05:56:00,4696.15800,2026-05-14 05:57:00,4697.29300,SELL,0.13,-14.75,-0.0242,1.0
2026-05-14 06:02:00,4689.33200,2026-05-14 06:03:00,4690.83200,SELL,0.12,-18.00,-0.0320,1.0
2026-05-14 06:08:00,4690.17300,2026-05-14 06:09:00,4687.17300,SELL,0.12,36.00,0.0640,1.0
2026-05-14 06:14:00,4687.65300,2026-05-14 06:15:00,4687.75100,SELL,0.13,-1.27,-0.0021,1.0
2026-05-14 06:40:00,4692.38900,2026-05-14 06:41:00,4692.71300,SELL,0.13,-4.21,-0.0069,1.0
2026-05-14 06:49:00,4695.56700,2026-05-14 06:50:00,4697.06700,SELL,0.13,-19.50,-0.0319,1.0
2026-05-14 06:56:00,4699.14800,2026-05-14 06:57:00,4700.64800,SELL,0.12,-18.00,-0.0319,1.0
2026-05-14 07:05:00,4697.56100,2026-05-14 07:06:00,4697.47100,SELL,0.11,0.99,0.0019,1.0
2026-05-14 07:11:00,4698.72700,2026-05-14 07:12:00,4696.89700,SELL,0.11,20.13,0.0389,1.0
2026-05-14 07:20:00,4695.67400,2026-05-14 07:21:00,4697.17400,SELL,0.12,-18.00,-0.0319,1.0
2026-05-14 07:26:00,4701.95300,2026-05-14 07:27:00,4704.95300,BUY,0.11,33.00,0.0638,1.0
2026-05-14 07:32:00,4707.16300,2026-05-14 07:33:00,4710.16300,BUY,0.13,39.00,0.0637,1.0
2026-05-14 07:38:00,4714.67200,2026-05-14 07:39:00,4713.17200,BUY,0.14,-21.00,-0.0318,1.0
2026-05-14 07:44:00,4709.32800,2026-05-14 07:45:00,4708.15500,SELL,0.13,15.25,0.0249,1.0
2026-05-14 07:50:00,4697.75900,2026-05-14 07:51:00,4698.99100,SELL,0.14,-17.25,-0.0262,1.0
2026-05-14 07:56:00,4698.37600,2026-05-14 07:57:00,4696.97700,SELL,0.13,18.19,0.0298,1.0
2026-05-14 08:05:00,4698.10600,2026-05-14 08:06:00,4697.35400,SELL,0.14,10.53,0.0160,1.0
2026-05-14 08:11:00,4697.74900,2026-05-14 08:13:00,4699.24900,SELL,0.14,-21.00,-0.0319,2.0
2026-05-14 08:18:00,4700.30400,2026-05-14 08:20:00,4701.72700,BUY,0.13,18.50,0.0303,2.0
2026-05-14 08:25:00,4703.39400,2026-05-14 08:26:00,4702.64400,BUY,0.14,-10.50,-0.0159,1.0
2026-05-14 08:31:00,4703.35300,2026-05-14 08:33:00,4702.60900,BUY,0.14,-10.42,-0.0158,2.0
2026-05-14 08:38:00,4703.24200,2026-05-14 08:39:00,4701.74200,BUY,0.13,-19.50,-0.0319,1.0
2026-05-14 08:44:00,4697.12700,2026-05-14 08:45:00,4696.21300,SELL,0.13,11.88,0.0195,1.0
2026-05-14 08:50:00,4694.57300,2026-05-14 08:51:00,4694.54000,SELL,0.13,0.43,0.0007,1.0
2026-05-14 08:57:00,4694.12600,2026-05-14 08:58:00,4694.55300,SELL,0.13,-5.55,-0.0091,1.0
2026-05-14 09:03:00,4692.20700,2026-05-14 09:04:00,4692.72300,SELL,0.13,-6.71,-0.0110,1.0
2026-05-14 09:21:00,4694.74700,2026-05-14 09:22:00,4694.80900,SELL,0.13,-0.81,-0.0013,1.0
2026-05-14 09:27:00,4691.66900,2026-05-14 09:28:00,4693.16900,SELL,0.13,-19.50,-0.0320,1.0
2026-05-14 09:35:00,4692.31500,2026-05-14 09:36:00,4689.31500,SELL,0.12,36.00,0.0639,1.0
2026-05-14 09:41:00,4695.02300,2026-05-14 09:43:00,4695.85200,BUY,0.13,10.78,0.0177,2.0
2026-05-14 09:49:00,4700.09100,2026-05-14 09:50:00,4699.74000,BUY,0.13,-4.56,-0.0075,1.0
2026-05-14 09:56:00,4700.41900,2026-05-14 09:57:00,4700.78400,BUY,0.13,4.74,0.0078,1.0
2026-05-14 10:11:00,4703.74000,2026-05-14 10:12:00,4702.24000,BUY,0.13,-19.50,-0.0319,1.0
2026-05-14 10:17:00,4697.14000,2026-05-14 10:18:00,4696.82000,SELL,0.13,4.16,0.0068,1.0
2026-05-14 10:23:00,4695.11100,2026-05-14 10:24:00,4694.41000,SELL,0.13,9.11,0.0149,1.0
2026-05-14 10:32:00,4695.88500,2026-05-14 10:34:00,4696.65600,SELL,0.13,-10.02,-0.0164,2.0
2026-05-14 10:39:00,4696.20300,2026-05-14 10:40:00,4694.96000,SELL,0.13,16.16,0.0265,1.0
2026-05-14 10:45:00,4693.91400,2026-05-14 10:46:00,4693.54300,SELL,0.13,4.82,0.0079,1.0
2026-05-14 10:51:00,4691.93900,2026-05-14 10:52:00,4691.92800,SELL,0.14,0.15,0.0002,1.0
2026-05-14 11:03:00,4695.44300,2026-05-14 11:04:00,4695.04500,SELL,0.14,5.57,0.0085,1.0
2026-05-14 11:17:00,4695.24000,2026-05-14 11:18:00,4696.05300,SELL,0.14,-11.38,-0.0173,1.0
2026-05-14 11:23:00,4693.42000,2026-05-14 11:24:00,4693.67500,SELL,0.13,-3.32,-0.0054,1.0
2026-05-14 11:29:00,4692.00100,2026-05-14 11:31:00,4691.45500,SELL,0.13,7.10,0.0116,2.0
2026-05-14 11:57:00,4696.98800,2026-05-14 11:58:00,4698.48800,SELL,0.14,-21.00,-0.0319,1.0
2026-05-14 12:03:00,4696.59400,2026-05-14 12:04:00,4696.14700,SELL,0.13,5.81,0.0095,1.0
2026-05-14 12:18:00,4699.38400,2026-05-14 12:19:00,4700.88400,SELL,0.13,-19.50,-0.0319,1.0
2026-05-14 12:24:00,4705.39100,2026-05-14 12:25:00,4704.76100,BUY,0.12,-7.56,-0.0134,1.0
2026-05-14 12:33:00,4707.47400,2026-05-14 12:34:00,4705.97400,BUY,0.12,-18.00,-0.0319,1.0
2026-05-14 12:42:00,4704.61700,2026-05-14 12:43:00,4701.61700,SELL,0.12,36.00,0.0638,1.0
2026-05-14 12:48:00,4701.20900,2026-05-14 12:49:00,4702.70900,SELL,0.13,-19.50,-0.0319,1.0
2026-05-14 12:58:00,4704.19800,2026-05-14 12:59:00,4704.89800,BUY,0.12,8.40,0.0149,1.0
2026-05-14 14:11:00,4687.46100,2026-05-14 14:13:00,4685.96100,BUY,0.12,-18.00,-0.0320,2.0
2026-05-14 14:18:00,4693.27500,2026-05-14 14:19:00,4694.45100,BUY,0.12,14.11,0.0251,1.0
2026-05-14 15:13:00,4685.62600,2026-05-14 15:14:00,4684.98600,BUY,0.12,-7.68,-0.0137,1.0
2026-05-14 15:19:00,4687.32200,2026-05-14 15:20:00,4686.37100,BUY,0.12,-11.41,-0.0203,1.0
2026-05-14 15:25:00,4687.80100,2026-05-14 15:26:00,4688.23600,BUY,0.12,5.22,0.0093,1.0
2026-05-14 15:34:00,4688.48400,2026-05-14 15:35:00,4687.80800,BUY,0.12,-8.11,-0.0144,1.0
2026-05-14 15:56:00,4685.64200,2026-05-14 15:57:00,4685.69000,BUY,0.12,0.58,0.0010,1.0
2026-05-14 16:21:00,4680.21300,2026-05-14 16:22:00,4678.71300,BUY,0.12,-18.00,-0.0320,1.0
2026-05-14 16:27:00,4677.86300,2026-05-14 16:28:00,4676.80400,SELL,0.11,11.65,0.0226,1.0
2026-05-14 16:33:00,4674.86500,2026-05-14 16:34:00,4674.46000,SELL,0.11,4.45,0.0087,1.0
2026-05-14 16:39:00,4672.97300,2026-05-14 16:40:00,4672.89700,SELL,0.11,0.84,0.0016,1.0
2026-05-14 17:09:00,4679.90000,2026-05-14 17:13:00,4679.57800,SELL,0.12,3.86,0.0069,4.0
2026-05-14 17:29:00,4677.35400,2026-05-14 17:30:00,4678.85400,SELL,0.12,-18.00,-0.0321,1.0
2026-05-14 17:43:00,4680.81900,2026-05-14 17:44:00,4681.22900,BUY,0.11,4.51,0.0088,1.0
2026-05-14 17:49:00,4680.86000,2026-05-14 17:52:00,4679.36000,BUY,0.11,-16.50,-0.0320,3.0
2026-05-14 17:57:00,4678.69600,2026-05-14 17:58:00,4678.13100,SELL,0.11,6.21,0.0121,1.0
2026-05-14 18:03:00,4670.95700,2026-05-14 18:04:00,4670.18700,SELL,0.11,8.47,0.0165,1.0
2026-05-14 18:09:00,4672.30000,2026-05-14 18:11:00,4673.80000,SELL,0.11,-16.50,-0.0321,2.0
2026-05-14 18:17:00,4674.73600,2026-05-14 18:18:00,4674.44100,BUY,0.11,-3.25,-0.0063,1.0
2026-05-14 18:25:00,4675.40800,2026-05-14 18:26:00,4675.29900,BUY,0.1,-1.09,-0.0023,1.0
2026-05-14 18:58:00,4670.88400,2026-05-14 18:59:00,4671.41900,BUY,0.1,5.35,0.0115,1.0
2026-05-14 19:20:00,4668.75000,2026-05-14 19:23:00,4667.25000,BUY,0.11,-16.50,-0.0321,3.0
2026-05-14 19:28:00,4667.08300,2026-05-14 19:29:00,4664.08300,SELL,0.1,30.00,0.0643,1.0
2026-05-14 19:34:00,4664.75800,2026-05-14 19:35:00,4664.12500,SELL,0.11,6.96,0.0136,1.0
2026-05-14 19:40:00,4660.03800,2026-05-14 19:41:00,4657.03800,SELL,0.11,33.00,0.0644,1.0
2026-05-14 19:46:00,4655.53200,2026-05-14 19:47:00,4654.71200,SELL,0.12,9.84,0.0176,1.0
2026-05-14 19:56:00,4654.57300,2026-05-14 19:57:00,4654.21200,SELL,0.13,4.69,0.0078,1.0
2026-05-14 20:03:00,4652.24100,2026-05-14 20:04:00,4650.09900,SELL,0.13,27.85,0.0460,1.0
2026-05-14 20:09:00,4651.58000,2026-05-14 20:10:00,4651.95000,SELL,0.14,-5.18,-0.0080,1.0
2026-05-14 20:15:00,4650.09800,2026-05-14 20:16:00,4648.55800,SELL,0.14,21.56,0.0331,1.0
2026-05-14 20:21:00,4648.96100,2026-05-14 20:22:00,4648.84900,SELL,0.14,1.57,0.0024,1.0
2026-05-14 20:27:00,4648.07700,2026-05-14 20:28:00,4647.89200,SELL,0.14,2.59,0.0040,1.0
2026-05-14 20:33:00,4647.72600,2026-05-14 20:34:00,4647.82600,SELL,0.14,-1.40,-0.0022,1.0
2026-05-14 20:39:00,4646.25800,2026-05-14 20:40:00,4647.75800,SELL,0.14,-21.00,-0.0323,1.0
2026-05-14 20:45:00,4651.51300,2026-05-14 20:46:00,4651.52700,BUY,0.14,0.20,0.0003,1.0
2026-05-14 20:53:00,4651.18700,2026-05-14 20:54:00,4651.44600,BUY,0.14,3.63,0.0056,1.0
2026-05-14 22:04:00,4653.04000,2026-05-14 22:05:00,4653.91400,BUY,0.14,12.24,0.0188,1.0
2026-05-14 22:10:00,4657.36900,2026-05-14 22:12:00,4655.86900,BUY,0.14,-21.00,-0.0322,2.0
2026-05-14 22:17:00,4656.92200,2026-05-14 22:18:00,4658.89600,BUY,0.14,27.64,0.0424,1.0
2026-05-14 22:23:00,4657.60500,2026-05-14 22:26:00,4658.85100,BUY,0.14,17.44,0.0268,3.0
2026-05-14 22:31:00,4661.43200,2026-05-14 22:32:00,4661.50100,BUY,0.15,1.04,0.0015,1.0
2026-05-14 22:38:00,4659.70800,2026-05-14 22:39:00,4660.63200,BUY,0.15,13.86,0.0198,1.0
2026-05-14 22:44:00,4661.62900,2026-05-14 22:47:00,4661.56900,BUY,0.16,-0.96,-0.0013,3.0
2026-05-14 22:54:00,4662.66300,2026-05-14 22:57:00,4662.13800,BUY,0.16,-8.40,-0.0113,3.0
2026-05-14 23:03:00,4662.93200,2026-05-14 23:04:00,4662.84700,BUY,0.15,-1.28,-0.0018,1.0
2026-05-14 23:28:00,4662.56600,2026-05-14 23:29:00,4663.70600,BUY,0.15,17.10,0.0245,1.0
2026-05-15 00:15:00,4655.79200,2026-05-15 00:16:00,4654.29200,BUY,0.16,-24.00,-0.0322,1.0
2026-05-15 00:22:00,4647.04500,2026-05-15 00:23:00,4645.96200,SELL,0.15,16.24,0.0233,1.0
2026-05-15 00:28:00,4631.08400,2026-05-15 00:29:00,4629.71200,SELL,0.16,21.95,0.0296,1.0
2026-05-15 00:34:00,4624.21300,2026-05-15 00:35:00,4622.85000,SELL,0.16,21.81,0.0295,1.0
2026-05-15 00:40:00,4616.96100,2026-05-15 00:41:00,4613.96100,SELL,0.17,51.00,0.0650,1.0
2026-05-15 00:53:00,4618.25900,2026-05-15 00:54:00,4619.75900,SELL,0.19,-28.50,-0.0325,1.0
2026-05-15 01:04:00,4622.68600,2026-05-15 01:05:00,4619.68600,SELL,0.18,54.00,0.0649,1.0
2026-05-15 01:10:00,4610.06200,2026-05-15 01:11:00,4610.92200,SELL,0.2,-17.20,-0.0187,1.0
2026-05-15 01:25:00,4618.80200,2026-05-15 01:26:00,4615.80200,SELL,0.19,57.00,0.0650,1.0
2026-05-15 01:31:00,4612.81700,2026-05-15 01:32:00,4614.31700,SELL,0.21,-31.50,-0.0325,1.0
2026-05-15 01:42:00,4621.66700,2026-05-15 01:43:00,4621.24000,BUY,0.2,-8.54,-0.0092,1.0
2026-05-15 02:05:00,4614.06500,2026-05-15 02:06:00,4612.56500,BUY,0.2,-30.00,-0.0325,1.0
2026-05-15 02:13:00,4614.52400,2026-05-15 02:14:00,4612.93700,SELL,0.19,30.15,0.0344,1.0
2026-05-15 02:19:00,4613.63300,2026-05-15 02:20:00,4615.13300,SELL,0.2,-30.00,-0.0325,1.0
2026-05-15 02:27:00,4613.80800,2026-05-15 02:28:00,4612.76200,SELL,0.19,19.87,0.0227,1.0
2026-05-15 02:33:00,4611.43600,2026-05-15 02:34:00,4612.93600,SELL,0.19,-28.50,-0.0325,1.0
2026-05-15 02:39:00,4613.04300,2026-05-15 02:40:00,4612.40700,SELL,0.18,11.45,0.0138,1.0
2026-05-15 02:46:00,4612.84900,2026-05-15 02:47:00,4614.34900,SELL,0.19,-28.50,-0.0325,1.0
2026-05-15 02:53:00,4619.40900,2026-05-15 02:54:00,4620.90500,BUY,0.18,26.93,0.0324,1.0
2026-05-15 03:42:00,4616.77500,2026-05-15 03:44:00,4615.27500,BUY,0.19,-28.50,-0.0325,2.0
2026-05-15 03:49:00,4615.58800,2026-05-15 03:50:00,4615.34100,BUY,0.18,-4.45,-0.0054,1.0
2026-05-15 03:58:00,4615.86800,2026-05-15 04:00:00,4615.37000,BUY,0.17,-8.47,-0.0108,2.0
2026-05-15 04:05:00,4618.03600,2026-05-15 04:07:00,4618.65000,BUY,0.17,10.44,0.0133,2.0
2026-05-15 04:13:00,4620.11700,2026-05-15 04:14:00,4619.83900,BUY,0.18,-5.00,-0.0060,1.0
2026-05-15 04:34:00,4614.27700,2026-05-15 04:35:00,4613.50800,BUY,0.17,-13.07,-0.0167,1.0
2026-05-15 06:13:00,4569.48700,2026-05-15 06:14:00,4567.98700,BUY,0.17,-25.50,-0.0328,1.0
2026-05-15 06:19:00,4575.47400,2026-05-15 06:20:00,4573.97400,BUY,0.16,-24.00,-0.0328,1.0
2026-05-15 06:25:00,4574.02600,2026-05-15 06:26:00,4575.52600,SELL,0.15,-22.50,-0.0328,1.0
2026-05-15 06:34:00,4575.11700,2026-05-15 06:35:00,4575.34700,SELL,0.15,-3.45,-0.0050,1.0
2026-05-15 06:40:00,4572.06800,2026-05-15 06:41:00,4570.85900,SELL,0.14,16.93,0.0264,1.0
2026-05-15 06:46:00,4570.61800,2026-05-15 06:47:00,4568.68900,SELL,0.15,28.94,0.0422,1.0
2026-05-15 06:54:00,4569.05800,2026-05-15 06:55:00,4570.55800,SELL,0.16,-24.00,-0.0328,1.0
2026-05-15 07:00:00,4568.07200,2026-05-15 07:01:00,4569.57200,SELL,0.15,-22.50,-0.0328,1.0
2026-05-15 07:08:00,4573.39000,2026-05-15 07:09:00,4576.39000,BUY,0.14,42.00,0.0656,1.0
2026-05-15 07:14:00,4585.62000,2026-05-15 07:15:00,4584.12000,BUY,0.16,-24.00,-0.0327,1.0
2026-05-15 07:20:00,4586.39200,2026-05-15 07:21:00,4587.56500,BUY,0.15,17.59,0.0256,1.0
2026-05-15 08:44:00,4562.26800,2026-05-15 08:45:00,4561.15800,BUY,0.16,-17.76,-0.0243,1.0
2026-05-15 08:50:00,4560.68300,2026-05-15 08:52:00,4559.18300,BUY,0.15,-22.50,-0.0329,2.0
2026-05-15 08:57:00,4555.29700,2026-05-15 08:58:00,4553.70500,SELL,0.14,22.29,0.0349,1.0
2026-05-15 09:03:00,4554.08600,2026-05-15 09:04:00,4555.58600,SELL,0.15,-22.50,-0.0329,1.0
2026-05-15 09:09:00,4554.57500,2026-05-15 09:10:00,4551.57500,SELL,0.14,42.00,0.0659,1.0
2026-05-15 09:15:00,4542.93500,2026-05-15 09:16:00,4539.93500,SELL,0.16,48.00,0.0660,1.0
2026-05-15 09:29:00,4553.52900,2026-05-15 09:30:00,4553.54400,BUY,0.17,0.25,0.0003,1.0
2026-05-15 09:35:00,4552.52700,2026-05-15 09:36:00,4551.02700,BUY,0.17,-25.50,-0.0329,1.0
2026-05-15 09:41:00,4547.99100,2026-05-15 09:42:00,4548.29700,SELL,0.16,-4.90,-0.0067,1.0
2026-05-15 09:47:00,4541.33600,2026-05-15 09:48:00,4539.46100,SELL,0.16,30.00,0.0413,1.0
2026-05-15 09:53:00,4541.06700,2026-05-15 09:55:00,4542.56700,SELL,0.17,-25.50,-0.0330,2.0
2026-05-15 10:02:00,4547.75500,2026-05-15 10:03:00,4546.25500,BUY,0.16,-24.00,-0.0330,1.0
2026-05-15 10:08:00,4556.91800,2026-05-15 10:09:00,4558.40600,BUY,0.16,23.81,0.0327,1.0
2026-05-15 10:14:00,4560.89700,2026-05-15 10:15:00,4562.01900,BUY,0.16,17.95,0.0246,1.0
2026-05-15 10:20:00,4560.06800,2026-05-15 10:21:00,4558.56800,BUY,0.17,-25.50,-0.0329,1.0
2026-05-15 10:26:00,4554.54400,2026-05-15 10:27:00,4553.30100,SELL,0.16,19.89,0.0273,1.0
2026-05-15 10:32:00,4553.63100,2026-05-15 10:33:00,4555.13100,SELL,0.17,-25.50,-0.0329,1.0
2026-05-15 10:38:00,4552.37900,2026-05-15 10:39:00,4552.50600,SELL,0.16,-2.03,-0.0028,1.0
2026-05-15 11:02:00,4564.53500,2026-05-15 11:03:00,4564.08200,SELL,0.16,7.25,0.0099,1.0
2026-05-15 11:08:00,4562.91400,2026-05-15 11:09:00,4564.41400,SELL,0.16,-24.00,-0.0329,1.0
2026-05-15 11:16:00,4564.02000,2026-05-15 11:17:00,4565.52000,SELL,0.15,-22.50,-0.0329,1.0
2026-05-15 11:22:00,4563.98800,2026-05-15 11:23:00,4564.00500,SELL,0.15,-0.25,-0.0004,1.0
2026-05-15 11:28:00,4561.73400,2026-05-15 11:29:00,4562.11200,SELL,0.15,-5.67,-0.0083,1.0
2026-05-15 11:34:00,4559.57500,2026-05-15 11:35:00,4559.68400,SELL,0.14,-1.53,-0.0024,1.0
2026-05-15 11:40:00,4553.16100,2026-05-15 11:41:00,4552.35900,SELL,0.14,11.23,0.0176,1.0
2026-05-15 11:54:00,4554.21000,2026-05-15 11:55:00,4551.21000,SELL,0.15,45.00,0.0659,1.0
2026-05-15 12:00:00,4549.87900,2026-05-15 12:01:00,4546.87900,SELL,0.16,48.00,0.0659,1.0
2026-05-15 12:06:00,4550.86300,2026-05-15 12:07:00,4550.93600,SELL,0.18,-1.31,-0.0016,1.0
2026-05-15 12:12:00,4550.14500,2026-05-15 12:13:00,4550.59900,SELL,0.18,-8.17,-0.0100,1.0
2026-05-15 12:18:00,4547.03800,2026-05-15 12:19:00,4548.53800,SELL,0.17,-25.50,-0.0330,1.0
2026-05-15 12:29:00,4555.16200,2026-05-15 12:30:00,4552.16200,SELL,0.17,51.00,0.0659,1.0
2026-05-15 12:36:00,4552.75500,2026-05-15 12:37:00,4549.75500,SELL,0.18,54.00,0.0659,1.0
2026-05-15 12:42:00,4545.18500,2026-05-15 12:43:00,4546.68500,SELL,0.2,-30.00,-0.0330,1.0
2026-05-15 12:58:00,4551.98400,2026-05-15 12:59:00,4550.48400,BUY,0.19,-28.50,-0.0330,1.0
2026-05-15 13:04:00,4544.27300,2026-05-15 13:05:00,4545.77300,SELL,0.18,-27.00,-0.0330,1.0
2026-05-15 13:10:00,4540.04600,2026-05-15 13:11:00,4541.54600,SELL,0.17,-25.50,-0.0330,1.0
2026-05-15 13:23:00,4552.28200,2026-05-15 13:24:00,4554.34300,BUY,0.16,32.98,0.0453,1.0
2026-05-15 14:30:00,4558.11300,2026-05-15 14:31:00,4556.61300,BUY,0.18,-27.00,-0.0329,1.0
2026-05-15 14:39:00,4555.97000,2026-05-15 14:41:00,4552.97000,SELL,0.17,51.00,0.0658,2.0
2026-05-15 14:46:00,4551.32100,2026-05-15 14:47:00,4552.82100,SELL,0.18,-27.00,-0.0330,1.0
2026-05-15 14:52:00,4549.22400,2026-05-15 14:53:00,4550.72400,SELL,0.17,-25.50,-0.0330,1.0
2026-05-15 15:02:00,4553.47400,2026-05-15 15:03:00,4554.97400,SELL,0.17,-25.50,-0.0329,1.0
2026-05-15 15:08:00,4556.20500,2026-05-15 15:09:00,4557.70500,SELL,0.16,-24.00,-0.0329,1.0
2026-05-15 15:14:00,4552.36500,2026-05-15 15:15:00,4553.86500,SELL,0.15,-22.50,-0.0329,1.0
2026-05-15 15:20:00,4550.85500,2026-05-15 15:21:00,4549.90700,SELL,0.14,13.27,0.0208,1.0
2026-05-15 15:26:00,4545.47400,2026-05-15 15:27:00,4546.97400,SELL,0.15,-22.50,-0.0330,1.0
2026-05-15 15:34:00,4543.87300,2026-05-15 15:35:00,4545.37300,SELL,0.14,-21.00,-0.0330,1.0
2026-05-15 15:40:00,4543.79100,2026-05-15 15:41:00,4543.73300,SELL,0.13,0.75,0.0013,1.0
2026-05-15 15:46:00,4542.41500,2026-05-15 15:47:00,4541.23000,SELL,0.13,15.41,0.0261,1.0
2026-05-15 15:52:00,4538.99800,2026-05-15 15:53:00,4537.99900,SELL,0.14,13.99,0.0220,1.0
2026-05-15 15:58:00,4536.71100,2026-05-15 15:59:00,4538.21100,SELL,0.14,-21.00,-0.0331,1.0
2026-05-15 16:04:00,4535.79500,2026-05-15 16:05:00,4535.57500,SELL,0.13,2.86,0.0049,1.0
2026-05-15 16:10:00,4531.35100,2026-05-15 16:11:00,4531.52600,SELL,0.14,-2.45,-0.0039,1.0
2026-05-15 16:49:00,4545.19200,2026-05-15 16:50:00,4546.69200,SELL,0.13,-19.50,-0.0330,1.0
2026-05-15 16:55:00,4542.69500,2026-05-15 16:56:00,4543.14900,SELL,0.13,-5.90,-0.0100,1.0
2026-05-15 17:29:00,4557.59900,2026-05-15 17:30:00,4559.09900,SELL,0.13,-19.50,-0.0329,1.0
2026-05-15 17:35:00,4562.09200,2026-05-15 17:37:00,4560.59200,BUY,0.12,-18.00,-0.0329,2.0
2026-05-15 17:42:00,4561.36000,2026-05-15 17:44:00,4560.90900,SELL,0.11,4.96,0.0099,2.0
2026-05-15 17:49:00,4560.43700,2026-05-15 17:50:00,4559.51600,SELL,0.12,11.05,0.0202,1.0
2026-05-15 17:55:00,4557.52700,2026-05-15 17:56:00,4559.02700,SELL,0.12,-18.00,-0.0329,1.0
2026-05-15 18:01:00,4559.46200,2026-05-15 18:02:00,4558.16800,SELL,0.11,14.23,0.0284,1.0
2026-05-15 18:07:00,4557.64400,2026-05-15 18:08:00,4556.22300,SELL,0.12,17.05,0.0312,1.0
2026-05-15 18:18:00,4555.20200,2026-05-15 18:19:00,4554.32900,SELL,0.12,10.48,0.0192,1.0
2026-05-15 18:26:00,4557.07600,2026-05-15 18:30:00,4558.57600,SELL,0.13,-19.50,-0.0329,4.0
2026-05-15 18:35:00,4555.13200,2026-05-15 18:37:00,4556.63200,SELL,0.12,-18.00,-0.0329,2.0
2026-05-15 18:45:00,4556.82900,2026-05-15 18:46:00,4559.09700,BUY,0.11,24.95,0.0498,1.0
2026-05-15 18:51:00,4560.75500,2026-05-15 18:52:00,4562.51200,BUY,0.12,21.08,0.0385,1.0
2026-05-15 19:30:00,4551.74500,2026-05-15 19:31:00,4552.63700,BUY,0.13,11.60,0.0196,1.0
2026-05-15 19:38:00,4554.13400,2026-05-15 19:39:00,4554.48400,BUY,0.13,4.55,0.0077,1.0
2026-05-15 19:44:00,4553.56700,2026-05-15 19:45:00,4554.02100,BUY,0.14,6.36,0.0100,1.0
2026-05-15 20:29:00,4539.29300,2026-05-15 20:30:00,4542.29300,BUY,0.14,42.00,0.0661,1.0
2026-05-15 20:36:00,4541.67100,2026-05-15 20:37:00,4541.58900,BUY,0.15,-1.23,-0.0018,1.0
